ORDERNUMBER,QUANTITYORDERED,PRICEEACH,ORDERLINENUMBER,SALES,ORDERDATE,STATUS,QTR_ID,MONTH_ID,YEAR_ID,PRODUCTLINE,MSRP,PRODUCTCODE,CATEGORY,SUBCATEGORY,CUSTOMERNAME,PHONE,ADDRESSLINE1,ADDRESSLINE2,CITY,STATE,POSTALCODE,COUNTRY,TERRITORY,CONTACTLASTNAME,CONTACTFIRSTNAME,DEALSIZE,PAYMENTFIRSTNAME,PAYMENTLASTNAME
10107,30,95.7,2,2871.0,2/24/2003,Shipped,1,2,2003,Motorcycles,95,S10_1678,Furniture,Cabinet,Land of Toys Inc.,2125557818,897 Long Airport Avenue,Unknown,NYC,NY,10022,USA,Unknown,Yu,Kwai,Small,Yu,Kwai
10121,34,81.35,5,2765.9,5/7/2003,Shipped,2,5,2003,Motorcycles,95,S10_1678,Furniture,Cabinet,Reims Collectables,26.47.1555,59 rue de l'Abbaye,Unknown,Reims,Unknown,51100,France,EMEA,Henriot,Paul,Small,Henriot,Paul
10134,41,94.74,2,3884.34,7/1/2003,Shipped,3,7,2003,Motorcycles,95,S10_1678,Furniture,Cabinet,Lyon Souveniers,+33 1 46 62 7555,27 rue du Colonel Pierre Avia,Unknown,Paris,Unknown,75508,France,EMEA,Da Cunha,Daniel,Medium,DaCunha,Daniel
10145,45,83.26,6,3746.7,8/25/2003,Shipped,3,8,2003,Motorcycles,95,S10_1678,Furniture,Cabinet,Toys4GrownUps.com,6265557265,78934 Hillside Dr.,Unknown,Pasadena,CA,90003,USA,Unknown,Young,Julie,Medium,Young,Julie
10159,49,100.0,14,5205.27,10/10/2003,Shipped,4,10,2003,Motorcycles,95,S10_1678,Furniture,Cabinet,Corporate Gift Ideas Co.,6505551386,7734 Strong St.,Unknown,San Francisco,CA,0,USA,Unknown,Brown,Julie,Medium,Brown,Julie
10168,36,96.66,1,3479.76,10/28/2003,Shipped,4,10,2003,Motorcycles,95,S10_1678,Furniture,Cabinet,Technics Stores Inc.,6505556809,9408 Furth Circle,Unknown,Burlingame,CA,94217,USA,Unknown,Hirano,Juri,Medium,Hirano,Juri
10180,29,86.13,9,2497.77,11/11/2003,Shipped,4,11,2003,Motorcycles,95,S10_1678,Furniture,Cabinet,Daedalus Designs Imports,20.16.1555,"184, chausse de Tournai",Unknown,Lille,Unknown,59000,France,EMEA,Rance,Martine,Small,Rance,Martine
10188,48,100.0,1,5512.32,11/18/2003,Shipped,4,11,2003,Motorcycles,95,S10_1678,Furniture,Cabinet,Herkku Gifts,+47 2267 3215,"Drammen 121, PR 744 Sentrum",Unknown,Bergen,Unknown,N 5804,Norway,EMEA,Oeztan,Veysel,Medium,Oeztan,Veysel
10201,22,98.57,2,2168.54,12/1/2003,Shipped,4,12,2003,Motorcycles,95,S10_1678,Furniture,Cabinet,Mini Wheels Co.,6505555787,5557 North Pendale Street,Unknown,San Francisco,CA,0,USA,Unknown,Murphy,Julie,Small,Murphy,Julie
10211,41,100.0,14,4708.44,1/15/2004,Shipped,1,1,2004,Motorcycles,95,S10_1678,Furniture,Cabinet,Auto Canal Petit,(1) 47.55.6555,"25, rue Lauriston",Unknown,Paris,Unknown,75016,France,EMEA,Perrier,Dominique,Medium,Perrier,Dominique
10223,37,100.0,1,3965.66,2/20/2004,Shipped,1,2,2004,Motorcycles,95,S10_1678,Furniture,Cabinet,"Australian Collectors, Co.",03 9520 4555,636 St Kilda Road,Level 3,Melbourne,Victoria,3004,Australia,APAC,Ferguson,Peter,Medium,Ferguson,Peter
10237,23,100.0,7,2333.12,4/5/2004,Shipped,2,4,2004,Motorcycles,95,S10_1678,Furniture,Cabinet,Vitachrome Inc.,2125551500,2678 Kingston Rd.,Suite 101,NYC,NY,10022,USA,Unknown,Frick,Michael,Small,Frick,Michael
10251,28,100.0,2,3188.64,5/18/2004,Shipped,2,5,2004,Motorcycles,95,S10_1678,Furniture,Cabinet,Tekni Collectables Inc.,2015559350,7476 Moss Rd.,Unknown,Newark,NJ,94019,USA,Unknown,Brown,William,Medium,Brown,William
10263,34,100.0,2,3676.76,6/28/2004,Shipped,2,6,2004,Motorcycles,95,S10_1678,Furniture,Cabinet,Gift Depot Inc.,2035552570,25593 South Bay Ln.,Unknown,Bridgewater,CT,97562,USA,Unknown,King,Julie,Medium,King,Julie
10275,45,92.83,1,4177.35,7/23/2004,Shipped,3,7,2004,Motorcycles,95,S10_1678,Furniture,Cabinet,La Rochelle Gifts,40.67.8555,"67, rue des Cinquante Otages",Unknown,Nantes,Unknown,44000,France,EMEA,Labrune,Janine,Medium,Labrune,Janine
10285,36,100.0,6,4099.68,8/27/2004,Shipped,3,8,2004,Motorcycles,95,S10_1678,Furniture,Cabinet,Marta's Replicas Co.,6175558555,39323 Spinnaker Dr.,Unknown,Cambridge,MA,51247,USA,Unknown,Hernandez,Marta,Medium,Hernandez,Marta
10299,23,100.0,9,2597.39,9/30/2004,Shipped,3,9,2004,Motorcycles,95,S10_1678,Furniture,Cabinet,"Toys of Finland, Co.",90-224 8555,Keskuskatu 45,Unknown,Helsinki,Unknown,21240,Finland,EMEA,Karttunen,Matti,Small,Karttunen,Matti
10309,41,100.0,5,4394.38,10/15/2004,Shipped,4,10,2004,Motorcycles,95,S10_1678,Furniture,Cabinet,Baane Mini Imports,07-98 9555,Erling Skakkes gate 78,Unknown,Stavern,Unknown,4110,Norway,EMEA,Bergulfsen,Jonas,Medium,Bergulfsen,Jonas
10318,46,94.74,1,4358.04,11/2/2004,Shipped,4,11,2004,Motorcycles,95,S10_1678,Furniture,Cabinet,Diecast Classics Inc.,2155551555,7586 Pompton St.,Unknown,Allentown,PA,70267,USA,Unknown,Yu,Kyung,Medium,Yu,Kyung
10329,42,100.0,1,4396.14,11/15/2004,Shipped,4,11,2004,Motorcycles,95,S10_1678,Furniture,Cabinet,Land of Toys Inc.,2125557818,897 Long Airport Avenue,Unknown,NYC,NY,10022,USA,Unknown,Yu,Kwai,Medium,Yu,Kwai
10341,41,100.0,9,7737.93,11/24/2004,Shipped,4,11,2004,Motorcycles,95,S10_1678,Furniture,Cabinet,Salzburg Collectables,6562-9555,Geislweg 14,Unknown,Salzburg,Unknown,5020,Austria,EMEA,Pipps,Georg,Large,Pipps,Georg
10361,20,72.55,13,1451.0,12/17/2004,Shipped,4,12,2004,Motorcycles,95,S10_1678,Furniture,Cabinet,Souveniers And Things Co.,+61 2 9495 8555,"Monitor Money Building, 815 Pacific Hwy",Level 6,Chatswood,NSW,2067,Australia,APAC,Huxley,Adrian,Small,Huxley,Adrian
10375,21,34.91,12,733.11,2/3/2005,Shipped,1,2,2005,Motorcycles,95,S10_1678,Furniture,Cabinet,La Rochelle Gifts,40.67.8555,"67, rue des Cinquante Otages",Unknown,Nantes,Unknown,44000,France,EMEA,Labrune,Janine,Small,Labrune,Janine
10388,42,76.36,4,3207.12,3/3/2005,Shipped,1,3,2005,Motorcycles,95,S10_1678,Furniture,Cabinet,FunGiftIdeas.com,5085552555,1785 First Street,Unknown,New Bedford,MA,50553,USA,Unknown,Benitez,Violeta,Medium,Benitez,Violeta
10403,24,100.0,7,2434.56,4/8/2005,Shipped,2,4,2005,Motorcycles,95,S10_1678,Furniture,Cabinet,"UK Collectables, Ltd.",(171) 555-2282,Berkeley Gardens 12  Brewery,Unknown,Liverpool,Unknown,WX1 6LT,UK,EMEA,Devon,Elizabeth,Small,Devon,Elizabeth
10417,66,100.0,2,7516.08,5/13/2005,Disputed,2,5,2005,Motorcycles,95,S10_1678,Furniture,Cabinet,Euro Shopping Channel,(91) 555 94 44,"C/ Moralzarzal, 86",Unknown,Madrid,Unknown,28034,Spain,EMEA,Freyre,Diego,Large,Freyre,Diego
10103,26,100.0,11,5404.62,1/29/2003,Shipped,1,1,2003,Classic Cars,214,S10_1949,Furniture,Desk,Baane Mini Imports,07-98 9555,Erling Skakkes gate 78,Unknown,Stavern,Unknown,4110,Norway,EMEA,Bergulfsen,Jonas,Medium,Bergulfsen,Jonas
10112,29,100.0,1,7209.11,3/24/2003,Shipped,1,3,2003,Classic Cars,214,S10_1949,Furniture,Desk,"Volvo Model Replicas, Co",0921-12 3555,Berguvsv„gen  8,Unknown,Lule,Unknown,S-958 22,Sweden,EMEA,Berglund,Christina,Large,Berglund,Christina
10126,38,100.0,11,7329.06,5/28/2003,Shipped,2,5,2003,Classic Cars,214,S10_1949,Furniture,Desk,"Corrida Auto Replicas, Ltd",(91) 555 22 82,"C/ Araquil, 67",Unknown,Madrid,Unknown,28023,Spain,EMEA,Sommer,Mart¡n,Large,Sommer,Mart¡n
10140,37,100.0,11,7374.1,7/24/2003,Shipped,3,7,2003,Classic Cars,214,S10_1949,Furniture,Desk,Technics Stores Inc.,6505556809,9408 Furth Circle,Unknown,Burlingame,CA,94217,USA,Unknown,Hirano,Juri,Large,Hirano,Juri
10150,45,100.0,8,10993.5,9/19/2003,Shipped,3,9,2003,Classic Cars,214,S10_1949,Furniture,Desk,"Dragon Souveniers, Ltd.",+65 221 7555,"Bronz Sok., Bronz Apt. 3/6 Tesvikiye",Unknown,Singapore,Unknown,79903,Singapore,Japan,Natividad,Eric,Large,Natividad,Eric
10163,21,100.0,1,4860.24,10/20/2003,Shipped,4,10,2003,Classic Cars,214,S10_1949,Furniture,Desk,Classic Legends Inc.,2125558493,5905 Pompton St.,Suite 750,NYC,NY,10022,USA,Unknown,Hernandez,Maria,Medium,Hernandez,Maria
10174,34,100.0,4,8014.82,11/6/2003,Shipped,4,11,2003,Classic Cars,214,S10_1949,Furniture,Desk,"Australian Gift Network, Co",61-7-3844-6555,31 Duncan St. West End,Unknown,South Brisbane,Queensland,4101,Australia,APAC,Calaghan,Tony,Large,Calaghan,Tony
10183,23,100.0,8,5372.57,11/13/2003,Shipped,4,11,2003,Classic Cars,214,S10_1949,Furniture,Desk,"Classic Gift Ideas, Inc",2155554695,782 First Street,Unknown,Philadelphia,PA,71270,USA,Unknown,Cervantes,Francisca,Medium,Cervantes,Francisca
10194,42,100.0,11,7290.36,11/25/2003,Shipped,4,11,2003,Classic Cars,214,S10_1949,Furniture,Desk,"Saveley & Henriot, Co.",78.32.5555,"2, rue du Commerce",Unknown,Lyon,Unknown,69004,France,EMEA,Saveley,Mary,Large,Saveley,Mary
10206,47,100.0,6,9064.89,12/5/2003,Shipped,4,12,2003,Classic Cars,214,S10_1949,Furniture,Desk,Canadian Gift Exchange Network,(604) 555-3392,1900 Oak St.,Unknown,Vancouver,BC,V3F 2K1,Canada,Unknown,Tannamuri,Yoshi,Large,Tannamuri,Yoshi
10215,35,100.0,3,6075.3,1/29/2004,Shipped,1,1,2004,Classic Cars,214,S10_1949,Furniture,Desk,West Coast Collectables Co.,3105553722,3675 Furth Circle,Unknown,Burbank,CA,94019,USA,Unknown,Thompson,Steve,Medium,Thompson,Steve
10228,29,100.0,2,6463.23,3/10/2004,Shipped,1,3,2004,Classic Cars,214,S10_1949,Furniture,Desk,Cambridge Collectables Co.,6175555555,4658 Baden Av.,Unknown,Cambridge,MA,51247,USA,Unknown,Tseng,Kyung,Medium,Tseng,Kyung
10245,34,100.0,9,6120.34,5/4/2004,Shipped,2,5,2004,Classic Cars,214,S10_1949,Furniture,Desk,Super Scale Inc.,2035559545,567 North Pendale Street,Unknown,New Haven,CT,97823,USA,Unknown,Murphy,Leslie,Medium,Murphy,Leslie
10258,32,100.0,6,7680.64,6/15/2004,Shipped,2,6,2004,Classic Cars,214,S10_1949,Furniture,Desk,"Tokyo Collectables, Ltd",+81 3 3584 0555,2-2-8 Roppongi,Unknown,Minato-ku,Tokyo,106-0032,Japan,Japan,Shimamura,Akiko,Large,Shimamura,Akiko
10270,21,100.0,9,4905.39,7/19/2004,Shipped,3,7,2004,Classic Cars,214,S10_1949,Furniture,Desk,Souveniers And Things Co.,+61 2 9495 8555,"Monitor Money Building, 815 Pacific Hwy",Level 6,Chatswood,NSW,2067,Australia,APAC,Huxley,Adrian,Medium,Huxley,Adrian
10280,34,100.0,2,8014.82,8/17/2004,Shipped,3,8,2004,Classic Cars,214,S10_1949,Furniture,Desk,Amica Models & Co.,011-4988555,Via Monte Bianco 34,Unknown,Torino,Unknown,10100,Italy,EMEA,Accorti,Paolo,Large,Accorti,Paolo
10291,37,100.0,11,7136.19,9/8/2004,Shipped,3,9,2004,Classic Cars,214,S10_1949,Furniture,Desk,Scandinavian Gift Ideas,0695-34 6555,?kergatan 24,Unknown,Boras,Unknown,S-844 67,Sweden,EMEA,Larsson,Maria,Large,Larsson,Maria
10304,47,100.0,6,10172.7,10/11/2004,Shipped,4,10,2004,Classic Cars,214,S10_1949,Furniture,Desk,Auto Assoc. & Cie.,30.59.8555,"67, avenue de l'Europe",Unknown,Versailles,Unknown,78000,France,EMEA,Tonini,Daniel,Large,Tonini,Daniel
10312,48,100.0,3,11623.7,10/21/2004,Shipped,4,10,2004,Classic Cars,214,S10_1949,Furniture,Desk,Mini Gifts Distributors Ltd.,4155551450,5677 Strong St.,Unknown,San Rafael,CA,97562,USA,Unknown,Nelson,Valarie,Large,Nelson,Valarie
10322,40,100.0,1,6000.4,11/4/2004,Shipped,4,11,2004,Classic Cars,214,S10_1949,Furniture,Desk,Online Diecast Creations Co.,6035558647,2304 Long Airport Avenue,Unknown,Nashua,NH,62005,USA,Unknown,Young,Valarie,Medium,Young,Valarie
10333,26,100.0,3,3003.0,11/18/2004,Shipped,4,11,2004,Classic Cars,214,S10_1949,Furniture,Desk,Mini Wheels Co.,6505555787,5557 North Pendale Street,Unknown,San Francisco,CA,0,USA,Unknown,Murphy,Julie,Medium,Murphy,Julie
10347,30,100.0,1,3944.7,11/29/2004,Shipped,4,11,2004,Classic Cars,214,S10_1949,Furniture,Desk,"Australian Collectors, Co.",03 9520 4555,636 St Kilda Road,Level 3,Melbourne,Victoria,3004,Australia,APAC,Ferguson,Peter,Medium,Ferguson,Peter
10357,32,100.0,10,5691.84,12/10/2004,Shipped,4,12,2004,Classic Cars,214,S10_1949,Furniture,Desk,Mini Gifts Distributors Ltd.,4155551450,5677 Strong St.,Unknown,San Rafael,CA,97562,USA,Unknown,Nelson,Valarie,Medium,Nelson,Valarie
10369,41,100.0,2,4514.92,1/20/2005,Shipped,1,1,2005,Classic Cars,214,S10_1949,Furniture,Desk,Collectables For Less Inc.,6175558555,7825 Douglas Av.,Unknown,Brickhaven,MA,58339,USA,Unknown,Nelson,Allen,Medium,Nelson,Allen
10381,36,100.0,3,8254.8,2/17/2005,Shipped,1,2,2005,Classic Cars,214,S10_1949,Furniture,Desk,Corporate Gift Ideas Co.,6505551386,7734 Strong St.,Unknown,San Francisco,CA,0,USA,Unknown,Brown,Julie,Large,Brown,Julie
10391,24,100.0,4,2416.56,3/9/2005,Shipped,1,3,2005,Classic Cars,214,S10_1949,Furniture,Desk,"Anna's Decorations, Ltd",02 9936 8555,201 Miller Street,Level 15,North Sydney,NSW,2060,Australia,APAC,O'Hara,Anna,Small,O'Hara,Anna
10411,23,100.0,9,4140.23,5/1/2005,Shipped,2,5,2005,Classic Cars,214,S10_1949,Furniture,Desk,Quebec Home Shopping Network,(514) 555-8054,43 rue St. Laurent,Unknown,Montreal,Quebec,H1J 1C3,Canada,Unknown,Fresnisre,Jean,Medium,Fresnisre,Jean
10424,50,100.0,6,12001.0,5/31/2005,In Process,2,5,2005,Classic Cars,214,S10_1949,Furniture,Desk,Euro Shopping Channel,(91) 555 94 44,"C/ Moralzarzal, 86",Unknown,Madrid,Unknown,28034,Spain,EMEA,Freyre,Diego,Large,Freyre,Diego
10120,29,96.34,3,2793.86,4/29/2003,Shipped,2,4,2003,Motorcycles,118,S10_2016,Furniture,Chair,"Australian Collectors, Co.",03 9520 4555,636 St Kilda Road,Level 3,Melbourne,Victoria,3004,Australia,APAC,Ferguson,Peter,Small,Ferguson,Peter
10210,23,100.0,2,3009.09,1/12/2004,Shipped,1,1,2004,Motorcycles,118,S10_2016,Furniture,Chair,Osaka Souveniers Co.,+81 06 6342 5555,"Dojima Avanza 4F, 1-6-20 Dojima, Kita-ku",Unknown,Osaka,Osaka,530-0003,Japan,Japan,Kentary,Mory,Medium,Kentary,Mory
10236,22,100.0,1,2852.08,4/3/2004,Shipped,2,4,2004,Motorcycles,118,S10_2016,Furniture,Chair,Motor Mint Distributors Inc.,2155559857,11328 Douglas Av.,Unknown,Philadelphia,PA,71270,USA,Unknown,Hernandez,Rosa,Small,Hernandez,Rosa
10298,39,96.34,1,3757.26,9/27/2004,Shipped,3,9,2004,Motorcycles,118,S10_2016,Furniture,Chair,Atelier graphique,40.32.2555,"54, rue Royale",Unknown,Nantes,Unknown,44000,France,EMEA,Schmitt,Carine,Medium,Schmitt,Carine
10308,34,100.0,2,4043.96,10/15/2004,Shipped,4,10,2004,Motorcycles,118,S10_2016,Furniture,Chair,Mini Classics,9145554562,3758 North Pendale Street,Unknown,White Plains,NY,24067,USA,Unknown,Frick,Steve,Medium,Frick,Steve
10339,40,68.92,4,2756.8,11/23/2004,Shipped,4,11,2004,Motorcycles,118,S10_2016,Furniture,Chair,"Tokyo Collectables, Ltd",+81 3 3584 0555,2-2-8 Roppongi,Unknown,Minato-ku,Tokyo,106-0032,Japan,Japan,Shimamura,Akiko,Small,Shimamura,Akiko
10374,39,100.0,5,5288.01,2/2/2005,Shipped,1,2,2005,Motorcycles,118,S10_2016,Furniture,Chair,"Australian Gift Network, Co",61-7-3844-6555,31 Duncan St. West End,Unknown,South Brisbane,Queensland,4101,Australia,APAC,Calaghan,Tony,Medium,Calaghan,Tony
10402,45,100.0,1,5833.8,4/7/2005,Shipped,2,4,2005,Motorcycles,118,S10_2016,Furniture,Chair,Auto Canal Petit,(1) 47.55.6555,"25, rue Lauriston",Unknown,Paris,Unknown,75016,France,EMEA,Perrier,Dominique,Medium,Perrier,Dominique
10362,22,100.0,4,3664.1,1/5/2005,Shipped,1,1,2005,Motorcycles,193,S10_4698,Furniture,Bookshelf,Technics Stores Inc.,6505556809,9408 Furth Circle,Unknown,Burlingame,CA,94217,USA,Unknown,Hirano,Juri,Medium,Hirano,Juri
10105,50,100.0,2,7208.0,2/11/2003,Shipped,1,2,2003,Classic Cars,136,S10_4757,Furniture,Desk,Danish Wholesale Imports,31 12 3555,Vinb'ltet 34,Unknown,Kobenhavn,Unknown,1734,Denmark,EMEA,Petersen,Jytte,Large,Petersen,Jytte
10119,46,100.0,11,5004.8,4/28/2003,Shipped,2,4,2003,Classic Cars,136,S10_4757,Furniture,Desk,Salzburg Collectables,6562-9555,Geislweg 14,Unknown,Salzburg,Unknown,5020,Austria,EMEA,Pipps,Georg,Medium,Pipps,Georg
10129,33,100.0,2,4398.24,6/12/2003,Shipped,2,6,2003,Classic Cars,136,S10_4757,Furniture,Desk,"Stylish Desk Decors, Co.",(171) 555-0297,35 King George,Unknown,London,Unknown,WX3 6FW,UK,EMEA,Brown,Ann,Medium,Brown,Ann
10143,49,100.0,15,5597.76,8/10/2003,Shipped,3,8,2003,Classic Cars,136,S10_4757,Furniture,Desk,Mini Creations Ltd.,5085559555,4575 Hillside Dr.,Unknown,New Bedford,MA,50553,USA,Unknown,Tam,Wing C,Medium,Tam,WingC
10155,32,100.0,13,4526.08,10/6/2003,Shipped,4,10,2003,Classic Cars,136,S10_4757,Furniture,Desk,"Toys of Finland, Co.",90-224 8555,Keskuskatu 45,Unknown,Helsinki,Unknown,21240,Finland,EMEA,Karttunen,Matti,Medium,Karttunen,Matti
10167,44,100.0,9,5924.16,10/23/2003,Cancelled,4,10,2003,Classic Cars,136,S10_4757,Furniture,Desk,Scandinavian Gift Ideas,0695-34 6555,?kergatan 24,Unknown,Boras,Unknown,S-844 67,Sweden,EMEA,Larsson,Maria,Medium,Larsson,Maria
10178,24,100.0,12,3492.48,11/8/2003,Shipped,4,11,2003,Classic Cars,136,S10_4757,Furniture,Desk,Alpha Cognac,61.77.6555,1 rue Alsace-Lorraine,Unknown,Toulouse,Unknown,31000,France,EMEA,Roulet,Annette,Medium,Roulet,Annette
10186,26,100.0,9,3854.24,11/14/2003,Shipped,4,11,2003,Classic Cars,136,S10_4757,Furniture,Desk,"Double Decker Gift Stores, Ltd",(171) 555-7555,120 Hanover Sq.,Unknown,London,Unknown,WA1 1DP,UK,EMEA,Hardy,Thomas,Medium,Hardy,Thomas
10197,45,100.0,6,5324.4,11/26/2003,Shipped,4,11,2003,Classic Cars,136,S10_4757,Furniture,Desk,Enaco Distributors,(93) 203 4555,"Rambla de Catalu¤a, 23",Unknown,Barcelona,Unknown,8022,Spain,EMEA,Saavedra,Eduardo,Medium,Saavedra,Eduardo
10209,39,100.0,8,5197.92,1/9/2004,Shipped,1,1,2004,Classic Cars,136,S10_4757,Furniture,Desk,"Men 'R' US Retailers, Ltd.",2155554369,6047 Douglas Av.,Unknown,Los Angeles,CA,0,USA,Unknown,Chandler,Michael,Medium,Chandler,Michael
10222,49,100.0,12,5997.6,2/19/2004,Shipped,1,2,2004,Classic Cars,136,S10_4757,Furniture,Desk,Collectable Mini Designs Co.,7605558146,361 Furth Circle,Unknown,San Diego,CA,91217,USA,Unknown,Thompson,Valarie,Medium,Thompson,Valarie
10248,20,100.0,3,2910.4,5/7/2004,Cancelled,2,5,2004,Classic Cars,136,S10_4757,Furniture,Desk,Land of Toys Inc.,2125557818,897 Long Airport Avenue,Unknown,NYC,NY,10022,USA,Unknown,Yu,Kwai,Small,Yu,Kwai
10261,27,100.0,1,3378.24,6/17/2004,Shipped,2,6,2004,Classic Cars,136,S10_4757,Furniture,Desk,Quebec Home Shopping Network,(514) 555-8054,43 rue St. Laurent,Unknown,Montreal,Quebec,H1J 1C3,Canada,Unknown,Fresnisre,Jean,Medium,Fresnisre,Jean
10273,30,100.0,4,3508.8,7/21/2004,Shipped,3,7,2004,Classic Cars,136,S10_4757,Furniture,Desk,Petit Auto,(02) 5554 67,Rue Joseph-Bens 532,Unknown,Bruxelles,Unknown,B-1180,Belgium,EMEA,Dewey,Catherine,Medium,Dewey,Catherine
10283,25,100.0,6,2992.0,8/20/2004,Shipped,3,8,2004,Classic Cars,136,S10_4757,Furniture,Desk,"Royal Canadian Collectables, Ltd.",(604) 555-4555,23 Tsawassen Blvd.,Unknown,Tsawassen,BC,T2F 8M4,Canada,Unknown,Lincoln,Elizabeth,Small,Lincoln,Elizabeth
10295,24,100.0,1,3427.2,9/10/2004,Shipped,3,9,2004,Classic Cars,136,S10_4757,Furniture,Desk,Gifts4AllAges.com,6175559555,8616 Spinnaker Dr.,Unknown,Boston,MA,51003,USA,Unknown,Yoshido,Juri,Medium,Yoshido,Juri
10307,22,100.0,9,2692.8,10/14/2004,Shipped,4,10,2004,Classic Cars,136,S10_4757,Furniture,Desk,"Classic Gift Ideas, Inc",2155554695,782 First Street,Unknown,Philadelphia,PA,71270,USA,Unknown,Cervantes,Francisca,Small,Cervantes,Francisca
10316,33,100.0,17,4128.96,11/1/2004,Shipped,4,11,2004,Classic Cars,136,S10_4757,Furniture,Desk,giftsbymail.co.uk,(198) 555-8888,Garden House Crowther Way,Unknown,Cowes,Isle of Wight,PO31 7PJ,UK,EMEA,Bennett,Helen,Medium,Bennett,Helen
10325,47,64.93,6,3051.71,11/5/2004,Shipped,4,11,2004,Classic Cars,136,S10_4757,Furniture,Desk,Baane Mini Imports,07-98 9555,Erling Skakkes gate 78,Unknown,Stavern,Unknown,4110,Norway,EMEA,Bergulfsen,Jonas,Medium,Bergulfsen,Jonas
10337,25,48.05,8,1201.25,11/21/2004,Shipped,4,11,2004,Classic Cars,136,S10_4757,Furniture,Desk,Classic Legends Inc.,2125558493,5905 Pompton St.,Suite 750,NYC,NY,10022,USA,Unknown,Hernandez,Maria,Small,Hernandez,Maria
10350,26,75.47,5,1962.22,12/2/2004,Shipped,4,12,2004,Classic Cars,136,S10_4757,Furniture,Desk,Euro Shopping Channel,(91) 555 94 44,"C/ Moralzarzal, 86",Unknown,Madrid,Unknown,28034,Spain,EMEA,Freyre,Diego,Small,Freyre,Diego
10359,48,54.68,6,2624.64,12/15/2004,Shipped,4,12,2004,Classic Cars,136,S10_4757,Furniture,Desk,Reims Collectables,26.47.1555,59 rue de l'Abbaye,Unknown,Reims,Unknown,51100,France,EMEA,Henriot,Paul,Small,Henriot,Paul
10373,39,100.0,3,4046.25,1/31/2005,Shipped,1,1,2005,Classic Cars,136,S10_4757,Furniture,Desk,"Oulu Toy Supplies, Inc.",981-443655,Torikatu 38,Unknown,Oulu,Unknown,90110,Finland,EMEA,Koskitalo,Pirkko,Medium,Koskitalo,Pirkko
10384,34,100.0,4,4846.7,2/23/2005,Shipped,1,2,2005,Classic Cars,136,S10_4757,Furniture,Desk,Corporate Gift Ideas Co.,6505551386,7734 Strong St.,Unknown,San Francisco,CA,0,USA,Unknown,Brown,Julie,Medium,Brown,Julie
10395,32,100.0,2,3370.56,3/17/2005,Shipped,1,3,2005,Classic Cars,136,S10_4757,Furniture,Desk,Lyon Souveniers,+33 1 46 62 7555,27 rue du Colonel Pierre Avia,Unknown,Paris,Unknown,75508,France,EMEA,Da Cunha,Daniel,Medium,DaCunha,Daniel
10400,64,100.0,9,9661.44,4/1/2005,Shipped,2,4,2005,Classic Cars,136,S10_4757,Furniture,Desk,The Sharp Gifts Warehouse,4085553659,3086 Ingle Ln.,Unknown,San Jose,CA,94217,USA,Unknown,Frick,Sue,Large,Frick,Sue
10414,19,100.0,3,2764.88,5/6/2005,On Hold,2,5,2005,Classic Cars,136,S10_4757,Furniture,Desk,Gifts4AllAges.com,6175559555,8616 Spinnaker Dr.,Unknown,Boston,MA,51003,USA,Unknown,Yoshido,Juri,Small,Yoshido,Juri
10114,31,100.0,8,4305.28,4/1/2003,Shipped,2,4,2003,Classic Cars,147,S10_4962,Furniture,Cabinet,"La Corne D'abondance, Co.",(1) 42.34.2555,"265, boulevard Charonne",Unknown,Paris,Unknown,75012,France,EMEA,Bertrand,Marie,Medium,Bertrand,Marie
10164,21,100.0,2,3536.82,10/21/2003,Resolved,4,10,2003,Classic Cars,147,S10_4962,Furniture,Cabinet,Mini Auto Werke,7675-3555,Kirchgasse 6,Unknown,Graz,Unknown,8010,Austria,EMEA,Mendel,Roland,Medium,Mendel,Roland
10175,33,100.0,9,5362.83,11/6/2003,Shipped,4,11,2003,Classic Cars,147,S10_4962,Furniture,Cabinet,"Stylish Desk Decors, Co.",(171) 555-0297,35 King George,Unknown,London,Unknown,WX3 6FW,UK,EMEA,Brown,Ann,Medium,Brown,Ann
10207,31,100.0,15,4076.19,12/9/2003,Shipped,4,12,2003,Classic Cars,147,S10_4962,Furniture,Cabinet,Diecast Collectables,6175552555,6251 Ingle Ln.,Unknown,Boston,MA,51003,USA,Unknown,Franco,Valarie,Medium,Franco,Valarie
10217,48,100.0,4,7020.48,2/4/2004,Shipped,1,2,2004,Classic Cars,147,S10_4962,Furniture,Cabinet,Handji Gifts& Co,+65 224 1555,Village Close - 106 Linden Road Sandown,2nd Floor,Singapore,Unknown,69045,Singapore,APAC,Victorino,Wendy,Large,Victorino,Wendy
10229,50,100.0,9,6426.5,3/11/2004,Shipped,1,3,2004,Classic Cars,147,S10_4962,Furniture,Cabinet,Mini Gifts Distributors Ltd.,4155551450,5677 Strong St.,Unknown,San Rafael,CA,97562,USA,Unknown,Nelson,Valarie,Medium,Nelson,Valarie
10259,26,100.0,12,4033.38,6/15/2004,Shipped,2,6,2004,Classic Cars,147,S10_4962,Furniture,Cabinet,Handji Gifts& Co,+65 224 1555,Village Close - 106 Linden Road Sandown,2nd Floor,Singapore,Unknown,69045,Singapore,APAC,Victorino,Wendy,Medium,Victorino,Wendy
10281,44,100.0,9,7020.64,8/19/2004,Shipped,3,8,2004,Classic Cars,147,S10_4962,Furniture,Cabinet,Diecast Classics Inc.,2155551555,7586 Pompton St.,Unknown,Allentown,PA,70267,USA,Unknown,Yu,Kyung,Large,Yu,Kyung
10305,38,100.0,13,6680.78,10/13/2004,Shipped,4,10,2004,Classic Cars,147,S10_4962,Furniture,Cabinet,Marta's Replicas Co.,6175558555,39323 Spinnaker Dr.,Unknown,Cambridge,MA,51247,USA,Unknown,Hernandez,Marta,Medium,Hernandez,Marta
10313,40,100.0,7,6678.0,10/22/2004,Shipped,4,10,2004,Classic Cars,147,S10_4962,Furniture,Cabinet,Canadian Gift Exchange Network,(604) 555-3392,1900 Oak St.,Unknown,Vancouver,BC,V3F 2K1,Canada,Unknown,Tannamuri,Yoshi,Medium,Tannamuri,Yoshi
10334,26,100.0,2,3188.12,11/19/2004,On Hold,4,11,2004,Classic Cars,147,S10_4962,Furniture,Cabinet,"Volvo Model Replicas, Co",0921-12 3555,Berguvsv„gen  8,Unknown,Lule,Unknown,S-958 22,Sweden,EMEA,Berglund,Christina,Medium,Berglund,Christina
10370,35,65.63,4,2297.05,1/20/2005,Shipped,1,1,2005,Classic Cars,147,S10_4962,Furniture,Cabinet,"Anna's Decorations, Ltd",02 9936 8555,201 Miller Street,Level 15,North Sydney,NSW,2060,Australia,APAC,O'Hara,Anna,Small,O'Hara,Anna
10425,38,100.0,12,5894.94,5/31/2005,In Process,2,5,2005,Classic Cars,147,S10_4962,Furniture,Cabinet,La Rochelle Gifts,40.67.8555,"67, rue des Cinquante Otages",Unknown,Nantes,Unknown,44000,France,EMEA,Labrune,Janine,Medium,Labrune,Janine
10108,33,100.0,6,5265.15,3/3/2003,Shipped,1,3,2003,Classic Cars,194,S12_1099,Furniture,Bookshelf,Cruz & Sons Co.,+63 2 555 3587,15 McCallum Street - NatWest Center #13-03,Unknown,Makati City,Unknown,1227 MM,Philippines,Japan,Cruz,Arnold,Medium,Cruz,Arnold
10122,42,100.0,10,7599.9,5/8/2003,Shipped,2,5,2003,Classic Cars,194,S12_1099,Furniture,Bookshelf,Marseille Mini Autos,91.24.4555,"12, rue des Bouchers",Unknown,Marseille,Unknown,13008,France,EMEA,Lebihan,Laurence,Large,Lebihan,Laurence
10135,42,100.0,7,8008.56,7/2/2003,Shipped,3,7,2003,Classic Cars,194,S12_1099,Furniture,Bookshelf,Mini Gifts Distributors Ltd.,4155551450,5677 Strong St.,Unknown,San Rafael,CA,97562,USA,Unknown,Nelson,Valarie,Large,Nelson,Valarie
10147,48,100.0,7,9245.76,9/5/2003,Shipped,3,9,2003,Classic Cars,194,S12_1099,Furniture,Bookshelf,Collectables For Less Inc.,6175558555,7825 Douglas Av.,Unknown,Brickhaven,MA,58339,USA,Unknown,Nelson,Allen,Large,Nelson,Allen
10169,30,100.0,2,5019.9,11/4/2003,Shipped,4,11,2003,Classic Cars,194,S12_1099,Furniture,Bookshelf,"Anna's Decorations, Ltd",02 9936 8555,201 Miller Street,Level 15,North Sydney,NSW,2060,Australia,APAC,O'Hara,Anna,Medium,O'Hara,Anna
10181,27,100.0,14,5411.07,11/12/2003,Shipped,4,11,2003,Classic Cars,194,S12_1099,Furniture,Bookshelf,Herkku Gifts,+47 2267 3215,"Drammen 121, PR 744 Sentrum",Unknown,Bergen,Unknown,N 5804,Norway,EMEA,Oeztan,Veysel,Medium,Oeztan,Veysel
10191,21,100.0,3,3840.9,11/20/2003,Shipped,4,11,2003,Classic Cars,194,S12_1099,Furniture,Bookshelf,"Toms Spezialitten, Ltd",0221-5554327,Mehrheimerstr. 369,Unknown,Koln,Unknown,50739,Germany,EMEA,Pfalzheim,Henriette,Medium,Pfalzheim,Henriette
10203,20,100.0,8,3930.4,12/2/2003,Shipped,4,12,2003,Classic Cars,194,S12_1099,Furniture,Bookshelf,Euro Shopping Channel,(91) 555 94 44,"C/ Moralzarzal, 86",Unknown,Madrid,Unknown,28034,Spain,EMEA,Freyre,Diego,Medium,Freyre,Diego
10225,27,100.0,9,4517.91,2/22/2004,Shipped,1,2,2004,Classic Cars,194,S12_1099,Furniture,Bookshelf,"Vida Sport, Ltd",0897-034555,Grenzacherweg 237,Unknown,Gensve,Unknown,1203,Switzerland,EMEA,Holz,Michael,Medium,Holz,Michael
10238,28,100.0,3,5774.72,4/9/2004,Shipped,2,4,2004,Classic Cars,194,S12_1099,Furniture,Bookshelf,Danish Wholesale Imports,31 12 3555,Vinb'ltet 34,Unknown,Kobenhavn,Unknown,1734,Denmark,EMEA,Petersen,Jytte,Medium,Petersen,Jytte
10253,24,100.0,13,3922.56,6/1/2004,Cancelled,2,6,2004,Classic Cars,194,S12_1099,Furniture,Bookshelf,"UK Collectables, Ltd.",(171) 555-2282,Berkeley Gardens 12  Brewery,Unknown,Liverpool,Unknown,WX1 6LT,UK,EMEA,Devon,Elizabeth,Medium,Devon,Elizabeth
10266,44,100.0,14,9160.36,7/6/2004,Shipped,3,7,2004,Classic Cars,194,S12_1099,Furniture,Bookshelf,L'ordine Souveniers,0522-556555,Strada Provinciale 124,Unknown,Reggio Emilia,Unknown,42100,Italy,EMEA,Moroni,Maurizio,Large,Moroni,Maurizio
10276,50,100.0,3,9631.0,8/2/2004,Shipped,3,8,2004,Classic Cars,194,S12_1099,Furniture,Bookshelf,Online Mini Collectables,6175557555,7635 Spinnaker Dr.,Unknown,Brickhaven,MA,58339,USA,Unknown,Barajas,Miguel,Large,Barajas,Miguel
10287,21,100.0,12,3432.24,8/30/2004,Shipped,3,8,2004,Classic Cars,194,S12_1099,Furniture,Bookshelf,"Vida Sport, Ltd",0897-034555,Grenzacherweg 237,Unknown,Gensve,Unknown,1203,Switzerland,EMEA,Holz,Michael,Medium,Holz,Michael
10300,33,100.0,5,5521.89,10/4/2003,Shipped,4,10,2003,Classic Cars,194,S12_1099,Furniture,Bookshelf,"Blauer See Auto, Co.",+49 69 66 90 2555,Lyonerstr. 34,Unknown,Frankfurt,Unknown,60528,Germany,EMEA,Keitel,Roland,Medium,Keitel,Roland
10310,33,100.0,10,6934.62,10/16/2004,Shipped,4,10,2004,Classic Cars,194,S12_1099,Furniture,Bookshelf,"Toms Spezialitten, Ltd",0221-5554327,Mehrheimerstr. 369,Unknown,Koln,Unknown,50739,Germany,EMEA,Pfalzheim,Henriette,Medium,Pfalzheim,Henriette
10320,31,100.0,3,6876.11,11/3/2004,Shipped,4,11,2004,Classic Cars,194,S12_1099,Furniture,Bookshelf,"Volvo Model Replicas, Co",0921-12 3555,Berguvsv„gen  8,Unknown,Lule,Unknown,S-958 22,Sweden,EMEA,Berglund,Christina,Medium,Berglund,Christina
10363,33,85.39,3,2817.87,1/6/2005,Shipped,1,1,2005,Classic Cars,194,S12_1099,Furniture,Bookshelf,Suominen Souveniers,+358 9 8045 555,"Software Engineering Center, SEC Oy",Unknown,Espoo,Unknown,FIN-02271,Finland,EMEA,Suominen,Kalle,Small,Suominen,Kalle
10389,26,99.04,4,2575.04,3/3/2005,Shipped,1,3,2005,Classic Cars,194,S12_1099,Furniture,Bookshelf,Scandinavian Gift Ideas,0695-34 6555,?kergatan 24,Unknown,Boras,Unknown,S-844 67,Sweden,EMEA,Larsson,Maria,Small,Larsson,Maria
10419,12,100.0,13,1961.28,5/17/2005,Shipped,2,5,2005,Classic Cars,194,S12_1099,Furniture,Bookshelf,Salzburg Collectables,6562-9555,Geislweg 14,Unknown,Salzburg,Unknown,5020,Austria,EMEA,Pipps,Georg,Small,Pipps,Georg
10117,33,100.0,9,6034.38,4/16/2003,Shipped,2,4,2003,Classic Cars,207,S12_1108,Furniture,Chair,"Dragon Souveniers, Ltd.",+65 221 7555,"Bronz Sok., Bronz Apt. 3/6 Tesvikiye",Unknown,Singapore,Unknown,79903,Singapore,Japan,Natividad,Eric,Medium,Natividad,Eric
10127,46,100.0,2,11279.2,6/3/2003,Shipped,2,6,2003,Classic Cars,207,S12_1108,Furniture,Chair,Muscle Machine Inc,2125557413,4092 Furth Circle,Suite 400,NYC,NY,10022,USA,Unknown,Young,Jeff,Large,Young,Jeff
10142,33,100.0,12,8023.29,8/8/2003,Shipped,3,8,2003,Classic Cars,207,S12_1108,Furniture,Chair,Mini Gifts Distributors Ltd.,4155551450,5677 Strong St.,Unknown,San Rafael,CA,97562,USA,Unknown,Nelson,Valarie,Large,Nelson,Valarie
10153,20,100.0,11,4904.0,9/28/2003,Shipped,3,9,2003,Classic Cars,207,S12_1108,Furniture,Chair,Euro Shopping Channel,(91) 555 94 44,"C/ Moralzarzal, 86",Unknown,Madrid,Unknown,28034,Spain,EMEA,Freyre,Diego,Medium,Freyre,Diego
10165,44,100.0,3,8594.52,10/22/2003,Shipped,4,10,2003,Classic Cars,207,S12_1108,Furniture,Chair,"Dragon Souveniers, Ltd.",+65 221 7555,"Bronz Sok., Bronz Apt. 3/6 Tesvikiye",Unknown,Singapore,Unknown,79903,Singapore,Japan,Natividad,Eric,Large,Natividad,Eric
10176,33,100.0,2,7474.5,11/6/2003,Shipped,4,11,2003,Classic Cars,207,S12_1108,Furniture,Chair,L'ordine Souveniers,0522-556555,Strada Provinciale 124,Unknown,Reggio Emilia,Unknown,42100,Italy,EMEA,Moroni,Maurizio,Large,Moroni,Maurizio
10185,21,100.0,13,3883.74,11/14/2003,Shipped,4,11,2003,Classic Cars,207,S12_1108,Furniture,Chair,Mini Creations Ltd.,5085559555,4575 Hillside Dr.,Unknown,New Bedford,MA,50553,USA,Unknown,Tam,Wing C,Medium,Tam,WingC
10196,47,100.0,5,8887.7,11/26/2003,Shipped,4,11,2003,Classic Cars,207,S12_1108,Furniture,Chair,Super Scale Inc.,2035559545,567 North Pendale Street,Unknown,New Haven,CT,97823,USA,Unknown,Murphy,Leslie,Large,Murphy,Leslie
10208,46,100.0,13,8602.92,1/2/2004,Shipped,1,1,2004,Classic Cars,207,S12_1108,Furniture,Chair,"Saveley & Henriot, Co.",78.32.5555,"2, rue du Commerce",Unknown,Lyon,Unknown,69004,France,EMEA,Saveley,Mary,Large,Saveley,Mary
10220,32,100.0,2,7181.44,2/12/2004,Shipped,1,2,2004,Classic Cars,207,S12_1108,Furniture,Chair,"Clover Collections, Co.",+353 1862 1555,25 Maiden Lane,Floor No. 4,Dublin,Unknown,2,Ireland,EMEA,Cassidy,Dean,Large,Cassidy,Dean
10231,42,100.0,2,8378.58,3/19/2004,Shipped,1,3,2004,Classic Cars,207,S12_1108,Furniture,Chair,CAF Imports,+34 913 728 555,"Merchants House, 27-30 Merchant's Quay",Unknown,Madrid,Unknown,28023,Spain,EMEA,Fernandez,Jesus,Large,Fernandez,Jesus
10247,44,100.0,2,10606.2,5/5/2004,Shipped,2,5,2004,Classic Cars,207,S12_1108,Furniture,Chair,Suominen Souveniers,+358 9 8045 555,"Software Engineering Center, SEC Oy",Unknown,Espoo,Unknown,FIN-02271,Finland,EMEA,Suominen,Kalle,Large,Suominen,Kalle
10272,35,100.0,2,5818.4,7/20/2004,Shipped,3,7,2004,Classic Cars,207,S12_1108,Furniture,Chair,Diecast Classics Inc.,2155551555,7586 Pompton St.,Unknown,Allentown,PA,70267,USA,Unknown,Yu,Kyung,Medium,Yu,Kyung
10282,41,100.0,5,7071.27,8/20/2004,Shipped,3,8,2004,Classic Cars,207,S12_1108,Furniture,Chair,Mini Gifts Distributors Ltd.,4155551450,5677 Strong St.,Unknown,San Rafael,CA,97562,USA,Unknown,Nelson,Valarie,Large,Nelson,Valarie
10293,46,100.0,8,8411.56,9/9/2004,Shipped,3,9,2004,Classic Cars,207,S12_1108,Furniture,Chair,Amica Models & Co.,011-4988555,Via Monte Bianco 34,Unknown,Torino,Unknown,10100,Italy,EMEA,Accorti,Paolo,Large,Accorti,Paolo
10306,31,100.0,13,6570.76,10/14/2004,Shipped,4,10,2004,Classic Cars,207,S12_1108,Furniture,Chair,"AV Stores, Co.",(171) 555-1555,Fauntleroy Circus,Unknown,Manchester,Unknown,EC2 5NT,UK,EMEA,Ashworth,Victoria,Medium,Ashworth,Victoria
10314,38,100.0,5,7975.44,10/22/2004,Shipped,4,10,2004,Classic Cars,207,S12_1108,Furniture,Chair,Heintze Collectables,86 21 3555,Smagsloget 45,Unknown,Aaarhus,Unknown,8200,Denmark,EMEA,Ibsen,Palle,Large,Ibsen,Palle
10336,33,57.22,10,1888.26,11/20/2004,Shipped,4,11,2004,Classic Cars,207,S12_1108,Furniture,Chair,"La Corne D'abondance, Co.",(1) 42.34.2555,"265, boulevard Charonne",Unknown,Paris,Unknown,75012,France,EMEA,Bertrand,Marie,Small,Bertrand,Marie
10348,48,52.36,8,2513.28,11/1/2004,Shipped,4,11,2004,Classic Cars,207,S12_1108,Furniture,Chair,"Corrida Auto Replicas, Ltd",(91) 555 22 82,"C/ Araquil, 67",Unknown,Madrid,Unknown,28023,Spain,EMEA,Sommer,Mart¡n,Small,Sommer,Mart¡n
10371,32,100.0,6,3560.64,1/23/2005,Shipped,1,1,2005,Classic Cars,207,S12_1108,Furniture,Chair,Mini Gifts Distributors Ltd.,4155551450,5677 Strong St.,Unknown,San Rafael,CA,97562,USA,Unknown,Nelson,Valarie,Medium,Nelson,Valarie
10382,34,100.0,10,3823.64,2/17/2005,Shipped,1,2,2005,Classic Cars,207,S12_1108,Furniture,Chair,Mini Gifts Distributors Ltd.,4155551450,5677 Strong St.,Unknown,San Rafael,CA,97562,USA,Unknown,Nelson,Valarie,Medium,Nelson,Valarie
10413,36,100.0,2,8677.8,5/5/2005,Shipped,2,5,2005,Classic Cars,207,S12_1108,Furniture,Chair,Gift Depot Inc.,2035552570,25593 South Bay Ln.,Unknown,Bridgewater,CT,97562,USA,Unknown,King,Julie,Large,King,Julie
10113,21,100.0,2,3415.44,3/26/2003,Shipped,1,3,2003,Trucks and Buses,136,S12_1666,Furniture,Cabinet,Mini Gifts Distributors Ltd.,4155551450,5677 Strong St.,Unknown,San Rafael,CA,97562,USA,Unknown,Nelson,Valarie,Medium,Nelson,Valarie
10216,43,100.0,1,5759.42,2/2/2004,Shipped,1,2,2004,Trucks and Buses,136,S12_1666,Furniture,Cabinet,Auto Assoc. & Cie.,30.59.8555,"67, avenue de l'Europe",Unknown,Versailles,Unknown,78000,France,EMEA,Tonini,Daniel,Medium,Tonini,Daniel
10189,28,100.0,1,4512.48,11/18/2003,Shipped,4,11,2003,Motorcycles,150,S12_2823,Furniture,Table,Toys4GrownUps.com,6265557265,78934 Hillside Dr.,Unknown,Pasadena,CA,90003,USA,Unknown,Young,Julie,Medium,Young,Julie
10224,43,100.0,6,6087.94,2/21/2004,Shipped,1,2,2004,Motorcycles,150,S12_2823,Furniture,Table,Daedalus Designs Imports,20.16.1555,"184, chausse de Tournai",Unknown,Lille,Unknown,59000,France,EMEA,Rance,Martine,Medium,Rance,Martine
10319,30,100.0,9,4111.8,11/3/2004,Shipped,4,11,2004,Motorcycles,150,S12_2823,Furniture,Table,Microscale Inc.,2125551957,5290 North Pendale Street,Suite 200,NYC,NY,10022,USA,Unknown,Kuo,Kee,Medium,Kuo,Kee
10104,34,100.0,1,5958.5,1/31/2003,Shipped,1,1,2003,Classic Cars,151,S12_3148,Furniture,Desk,Euro Shopping Channel,(91) 555 94 44,"C/ Moralzarzal, 86",Unknown,Madrid,Unknown,28034,Spain,EMEA,Freyre,Diego,Medium,Freyre,Diego
10230,43,100.0,1,7016.31,3/15/2004,Shipped,1,3,2004,Classic Cars,151,S12_3148,Furniture,Desk,"Blauer See Auto, Co.",+49 69 66 90 2555,Lyonerstr. 34,Unknown,Frankfurt,Unknown,60528,Germany,EMEA,Keitel,Roland,Large,Keitel,Roland
10324,27,54.33,1,1466.91,11/5/2004,Shipped,4,11,2004,Classic Cars,151,S12_3148,Furniture,Desk,Vitachrome Inc.,2125551500,2678 Kingston Rd.,Suite 101,NYC,NY,10022,USA,Unknown,Frick,Michael,Small,Frick,Michael
10358,49,55.34,5,2711.66,12/10/2004,Shipped,4,12,2004,Classic Cars,151,S12_3148,Furniture,Desk,Euro Shopping Channel,(91) 555 94 44,"C/ Moralzarzal, 86",Unknown,Madrid,Unknown,28034,Spain,EMEA,Freyre,Diego,Small,Freyre,Diego
10372,40,100.0,4,5862.0,1/26/2005,Shipped,1,1,2005,Classic Cars,151,S12_3148,Furniture,Desk,"Tokyo Collectables, Ltd",+81 3 3584 0555,2-2-8 Roppongi,Unknown,Minato-ku,Tokyo,106-0032,Japan,Japan,Shimamura,Akiko,Medium,Shimamura,Akiko
10160,46,100.0,6,5294.14,10/11/2003,Shipped,4,10,2003,Classic Cars,117,S12_3380,Furniture,Bookshelf,"Men 'R' US Retailers, Ltd.",2155554369,6047 Douglas Av.,Unknown,Los Angeles,CA,0,USA,Unknown,Chandler,Michael,Medium,Chandler,Michael
10170,47,100.0,4,5464.69,11/4/2003,Shipped,4,11,2003,Classic Cars,117,S12_3380,Furniture,Bookshelf,Mini Auto Werke,7675-3555,Kirchgasse 6,Unknown,Graz,Unknown,8010,Austria,EMEA,Mendel,Roland,Medium,Mendel,Roland
10212,39,100.0,16,4946.76,1/16/2004,Shipped,1,1,2004,Classic Cars,117,S12_3380,Furniture,Bookshelf,Euro Shopping Channel,(91) 555 94 44,"C/ Moralzarzal, 86",Unknown,Madrid,Unknown,28034,Spain,EMEA,Freyre,Diego,Medium,Freyre,Diego
10376,35,100.0,1,3987.2,2/8/2005,Shipped,1,2,2005,Classic Cars,117,S12_3380,Furniture,Bookshelf,Boards & Toys Co.,3105552373,4097 Douglas Av.,Unknown,Glendale,CA,92561,USA,Unknown,Young,Leslie,Medium,Young,Leslie
10349,26,100.0,10,4408.56,12/1/2004,Shipped,4,12,2004,Classic Cars,173,S12_3891,Furniture,Bookshelf,Muscle Machine Inc,2125557413,4092 Furth Circle,Suite 400,NYC,NY,10022,USA,Unknown,Young,Jeff,Medium,Young,Jeff
10396,33,100.0,3,6109.29,3/23/2005,Shipped,1,3,2005,Classic Cars,173,S12_3891,Furniture,Bookshelf,Mini Gifts Distributors Ltd.,4155551450,5677 Strong St.,Unknown,San Rafael,CA,97562,USA,Unknown,Nelson,Valarie,Medium,Nelson,Valarie
10377,24,67.83,5,1627.92,2/9/2005,Shipped,1,2,2005,Classic Cars,79,S12_3990,Furniture,Bookshelf,"Toys of Finland, Co.",90-224 8555,Keskuskatu 45,Unknown,Helsinki,Unknown,21240,Finland,EMEA,Karttunen,Matti,Small,Karttunen,Matti
10115,46,100.0,5,5723.78,4/4/2003,Shipped,2,4,2003,Trucks and Buses,118,S12_4473,Furniture,Cabinet,Classic Legends Inc.,2125558493,5905 Pompton St.,Suite 750,NYC,NY,10022,USA,Unknown,Hernandez,Maria,Medium,Hernandez,Maria
10141,21,100.0,5,2140.11,8/1/2003,Shipped,3,8,2003,Trucks and Buses,118,S12_4473,Furniture,Cabinet,Suominen Souveniers,+358 9 8045 555,"Software Engineering Center, SEC Oy",Unknown,Espoo,Unknown,FIN-02271,Finland,EMEA,Suominen,Kalle,Small,Suominen,Kalle
10151,24,100.0,3,3327.6,9/21/2003,Shipped,3,9,2003,Trucks and Buses,118,S12_4473,Furniture,Cabinet,"Oulu Toy Supplies, Inc.",981-443655,Torikatu 38,Unknown,Oulu,Unknown,90110,Finland,EMEA,Koskitalo,Pirkko,Medium,Koskitalo,Pirkko
10184,37,100.0,6,4516.22,11/14/2003,Shipped,4,11,2003,Trucks and Buses,118,S12_4473,Furniture,Cabinet,"Iberia Gift Imports, Corp.",(95) 555 82 82,"C/ Romero, 33",Unknown,Sevilla,Unknown,41101,Spain,EMEA,Roel,Jose Pedro,Medium,Roel,JosePedro
10195,49,100.0,6,6445.46,11/25/2003,Shipped,4,11,2003,Trucks and Buses,118,S12_4473,Furniture,Cabinet,Mini Classics,9145554562,3758 North Pendale Street,Unknown,White Plains,NY,24067,USA,Unknown,Frick,Steve,Medium,Frick,Steve
10219,48,100.0,2,4891.68,2/10/2004,Shipped,1,2,2004,Trucks and Buses,118,S12_4473,Furniture,Cabinet,Signal Collectibles Ltd.,4155554312,2793 Furth Circle,Unknown,Brisbane,CA,94217,USA,Unknown,Taylor,Sue,Medium,Taylor,Sue
10246,46,100.0,5,5069.66,5/5/2004,Shipped,2,5,2004,Trucks and Buses,118,S12_4473,Furniture,Cabinet,Euro Shopping Channel,(91) 555 94 44,"C/ Moralzarzal, 86",Unknown,Madrid,Unknown,28034,Spain,EMEA,Freyre,Diego,Medium,Freyre,Diego
10271,31,97.17,5,3012.27,7/20/2004,Shipped,3,7,2004,Trucks and Buses,118,S12_4473,Furniture,Cabinet,Mini Gifts Distributors Ltd.,4155551450,5677 Strong St.,Unknown,San Rafael,CA,97562,USA,Unknown,Nelson,Valarie,Medium,Nelson,Valarie
10292,21,100.0,8,2214.87,9/8/2004,Shipped,3,9,2004,Trucks and Buses,118,S12_4473,Furniture,Cabinet,Land of Toys Inc.,2125557818,897 Long Airport Avenue,Unknown,NYC,NY,10022,USA,Unknown,Yu,Kwai,Small,Yu,Kwai
10412,54,100.0,5,5951.34,5/3/2005,Shipped,2,5,2005,Trucks and Buses,118,S12_4473,Furniture,Cabinet,Euro Shopping Channel,(91) 555 94 44,"C/ Moralzarzal, 86",Unknown,Madrid,Unknown,28034,Spain,EMEA,Freyre,Diego,Medium,Freyre,Diego
10192,27,100.0,16,3544.56,11/20/2003,Shipped,4,11,2003,Classic Cars,115,S12_4675,Furniture,Cabinet,Online Diecast Creations Co.,6035558647,2304 Long Airport Avenue,Unknown,Nashua,NH,62005,USA,Unknown,Young,Valarie,Medium,Young,Valarie
10239,21,93.28,5,1958.88,4/12/2004,Shipped,2,4,2004,Classic Cars,115,S12_4675,Furniture,Cabinet,"Oulu Toy Supplies, Inc.",981-443655,Torikatu 38,Unknown,Oulu,Unknown,90110,Finland,EMEA,Koskitalo,Pirkko,Small,Koskitalo,Pirkko
10277,28,100.0,1,3127.88,8/4/2004,Shipped,3,8,2004,Classic Cars,115,S12_4675,Furniture,Cabinet,"Dragon Souveniers, Ltd.",+65 221 7555,"Bronz Sok., Bronz Apt. 3/6 Tesvikiye",Unknown,Singapore,Unknown,79903,Singapore,Japan,Natividad,Eric,Medium,Natividad,Eric
10321,24,100.0,15,2984.88,11/4/2004,Shipped,4,11,2004,Classic Cars,115,S12_4675,Furniture,Cabinet,FunGiftIdeas.com,5085552555,1785 First Street,Unknown,New Bedford,MA,50553,USA,Unknown,Benitez,Violeta,Small,Benitez,Violeta
10405,97,93.28,5,9048.16,4/14/2005,Shipped,2,4,2005,Classic Cars,115,S12_4675,Furniture,Cabinet,Mini Caravy,88.60.1555,"24, place Kluber",Unknown,Strasbourg,Unknown,67000,France,EMEA,Citeaux,Frederique,Large,Citeaux,Frederique
10109,26,100.0,4,4379.18,3/10/2003,Shipped,1,3,2003,Classic Cars,141,S18_1129,Furniture,Table,Motor Mint Distributors Inc.,2155559857,11328 Douglas Av.,Unknown,Philadelphia,PA,71270,USA,Unknown,Hernandez,Rosa,Medium,Hernandez,Rosa
10136,25,100.0,2,3644.75,7/4/2003,Shipped,3,7,2003,Classic Cars,141,S18_1129,Furniture,Table,Alpha Cognac,61.77.6555,1 rue Alsace-Lorraine,Unknown,Toulouse,Unknown,31000,France,EMEA,Roulet,Annette,Medium,Roulet,Annette
10148,23,100.0,13,2702.04,9/11/2003,Shipped,3,9,2003,Classic Cars,141,S18_1129,Furniture,Table,"Anna's Decorations, Ltd",02 9936 8555,201 Miller Street,Level 15,North Sydney,NSW,2060,Australia,APAC,O'Hara,Anna,Small,O'Hara,Anna
10161,28,100.0,12,3764.88,10/17/2003,Shipped,4,10,2003,Classic Cars,141,S18_1129,Furniture,Table,Heintze Collectables,86 21 3555,Smagsloget 45,Unknown,Aaarhus,Unknown,8200,Denmark,EMEA,Ibsen,Palle,Medium,Ibsen,Palle
10171,35,100.0,2,4508.0,11/5/2003,Shipped,4,11,2003,Classic Cars,141,S18_1129,Furniture,Table,Quebec Home Shopping Network,(514) 555-8054,43 rue St. Laurent,Unknown,Montreal,Quebec,H1J 1C3,Canada,Unknown,Fresnisre,Jean,Medium,Fresnisre,Jean
10204,42,100.0,17,6182.4,12/2/2003,Shipped,4,12,2003,Classic Cars,141,S18_1129,Furniture,Table,Muscle Machine Inc,2125557413,4092 Furth Circle,Suite 400,NYC,NY,10022,USA,Unknown,Young,Jeff,Medium,Young,Jeff
10240,41,100.0,3,5628.89,4/13/2004,Shipped,2,4,2004,Classic Cars,141,S18_1129,Furniture,Table,Osaka Souveniers Co.,+81 06 6342 5555,"Dojima Avanza 4F, 1-6-20 Dojima, Kita-ku",Unknown,Osaka,Osaka,530-0003,Japan,Japan,Kentary,Mory,Medium,Kentary,Mory
10278,34,100.0,6,4667.86,8/6/2004,Shipped,3,8,2004,Classic Cars,141,S18_1129,Furniture,Table,Signal Gift Stores,7025551838,8489 Strong St.,Unknown,Las Vegas,NV,83030,USA,Unknown,King,Sue,Medium,King,Sue
10301,37,100.0,8,5917.78,10/5/2003,Shipped,4,10,2003,Classic Cars,141,S18_1129,Furniture,Table,"Norway Gifts By Mail, Co.",+47 2212 1555,"Drammensveien 126 A, PB 744 Sentrum",Unknown,Oslo,Unknown,N 0106,Norway,EMEA,Klaeboe,Jan,Medium,Klaeboe,Jan
10331,46,100.0,6,6434.02,11/17/2004,Shipped,4,11,2004,Classic Cars,141,S18_1129,Furniture,Table,Motor Mint Distributors Inc.,2155559857,11328 Douglas Av.,Unknown,Philadelphia,PA,71270,USA,Unknown,Hernandez,Rosa,Medium,Hernandez,Rosa
10342,40,100.0,2,6454.4,11/24/2004,Shipped,4,11,2004,Classic Cars,141,S18_1129,Furniture,Table,"Australian Collectors, Co.",03 9520 4555,636 St Kilda Road,Level 3,Melbourne,Victoria,3004,Australia,APAC,Ferguson,Peter,Medium,Ferguson,Peter
10356,43,97.6,8,4196.8,12/9/2004,Shipped,4,12,2004,Classic Cars,141,S18_1129,Furniture,Table,Lyon Souveniers,+33 1 46 62 7555,27 rue du Colonel Pierre Avia,Unknown,Paris,Unknown,75508,France,EMEA,Da Cunha,Daniel,Medium,DaCunha,Daniel
10365,30,87.06,1,2611.8,1/7/2005,Shipped,1,1,2005,Classic Cars,141,S18_1129,Furniture,Table,Mini Creations Ltd.,5085559555,4575 Hillside Dr.,Unknown,New Bedford,MA,50553,USA,Unknown,Tam,Wing C,Small,Tam,WingC
10390,36,93.77,14,3375.72,3/4/2005,Shipped,1,3,2005,Classic Cars,141,S18_1129,Furniture,Table,Mini Gifts Distributors Ltd.,4155551450,5677 Strong St.,Unknown,San Rafael,CA,97562,USA,Unknown,Nelson,Valarie,Medium,Nelson,Valarie
10406,61,100.0,3,8374.69,4/15/2005,Disputed,2,4,2005,Classic Cars,141,S18_1129,Furniture,Table,Danish Wholesale Imports,31 12 3555,Vinb'ltet 34,Unknown,Kobenhavn,Unknown,1734,Denmark,EMEA,Petersen,Jytte,Large,Petersen,Jytte
10102,39,100.0,2,4808.31,1/10/2003,Shipped,1,1,2003,Vintage Cars,102,S18_1342,Furniture,Desk,Vitachrome Inc.,2125551500,2678 Kingston Rd.,Suite 101,NYC,NY,10022,USA,Unknown,Frick,Michael,Medium,Frick,Michael
10111,33,99.66,6,3288.78,3/25/2003,Shipped,1,3,2003,Vintage Cars,102,S18_1342,Furniture,Desk,Mini Wheels Co.,6505555787,5557 North Pendale Street,Unknown,San Francisco,CA,0,USA,Unknown,Murphy,Julie,Medium,Murphy,Julie
10125,32,100.0,1,3254.72,5/21/2003,Shipped,2,5,2003,Vintage Cars,102,S18_1342,Furniture,Desk,"Australian Collectors, Co.",03 9520 4555,636 St Kilda Road,Level 3,Melbourne,Victoria,3004,Australia,APAC,Ferguson,Peter,Medium,Ferguson,Peter
10139,31,100.0,7,3184.94,7/16/2003,Shipped,3,7,2003,Vintage Cars,102,S18_1342,Furniture,Desk,Souveniers And Things Co.,+61 2 9495 8555,"Monitor Money Building, 815 Pacific Hwy",Level 6,Chatswood,NSW,2067,Australia,APAC,Huxley,Adrian,Medium,Huxley,Adrian
10149,50,100.0,4,5907.5,9/12/2003,Shipped,3,9,2003,Vintage Cars,102,S18_1342,Furniture,Desk,Signal Collectibles Ltd.,4155554312,2793 Furth Circle,Unknown,Brisbane,CA,94217,USA,Unknown,Taylor,Sue,Medium,Taylor,Sue
10162,48,91.44,2,4389.12,10/18/2003,Shipped,4,10,2003,Vintage Cars,102,S18_1342,Furniture,Desk,Corporate Gift Ideas Co.,6505551386,7734 Strong St.,Unknown,San Francisco,CA,0,USA,Unknown,Brown,Julie,Medium,Brown,Julie
10173,43,100.0,6,5036.16,11/5/2003,Shipped,4,11,2003,Vintage Cars,102,S18_1342,Furniture,Desk,Rovelli Gifts,035-640555,Via Ludovico il Moro 22,Unknown,Bergamo,Unknown,24100,Italy,EMEA,Rovelli,Giovanni,Medium,Rovelli,Giovanni
10182,25,87.33,3,2183.25,11/12/2003,Shipped,4,11,2003,Vintage Cars,102,S18_1342,Furniture,Desk,Mini Gifts Distributors Ltd.,4155551450,5677 Strong St.,Unknown,San Rafael,CA,97562,USA,Unknown,Nelson,Valarie,Small,Nelson,Valarie
10193,28,100.0,7,3106.88,11/21/2003,Shipped,4,11,2003,Vintage Cars,102,S18_1342,Furniture,Desk,"Australian Collectables, Ltd",61-9-3844-6555,7 Allen Street,Unknown,Glen Waverly,Victoria,3150,Australia,APAC,Connery,Sean,Medium,Connery,Sean
10205,36,100.0,2,3735.72,12/3/2003,Shipped,4,12,2003,Vintage Cars,102,S18_1342,Furniture,Desk,Euro Shopping Channel,(91) 555 94 44,"C/ Moralzarzal, 86",Unknown,Madrid,Unknown,28034,Spain,EMEA,Freyre,Diego,Medium,Freyre,Diego
10227,25,100.0,3,2953.75,3/2/2004,Shipped,1,3,2004,Vintage Cars,102,S18_1342,Furniture,Desk,"Saveley & Henriot, Co.",78.32.5555,"2, rue du Commerce",Unknown,Lyon,Unknown,69004,France,EMEA,Saveley,Mary,Small,Saveley,Mary
10244,40,100.0,7,4684.8,4/29/2004,Shipped,2,4,2004,Vintage Cars,102,S18_1342,Furniture,Desk,Euro Shopping Channel,(91) 555 94 44,"C/ Moralzarzal, 86",Unknown,Madrid,Unknown,28034,Spain,EMEA,Freyre,Diego,Medium,Freyre,Diego
10256,34,95.55,2,3248.7,6/8/2004,Shipped,2,6,2004,Vintage Cars,102,S18_1342,Furniture,Desk,Danish Wholesale Imports,31 12 3555,Vinb'ltet 34,Unknown,Kobenhavn,Unknown,1734,Denmark,EMEA,Petersen,Jytte,Medium,Petersen,Jytte
10289,38,100.0,2,4567.98,9/3/2004,Shipped,3,9,2004,Vintage Cars,102,S18_1342,Furniture,Desk,Herkku Gifts,+47 2267 3215,"Drammen 121, PR 744 Sentrum",Unknown,Bergen,Unknown,N 5804,Norway,EMEA,Oeztan,Veysel,Medium,Oeztan,Veysel
10332,46,95.13,15,4375.98,11/17/2004,Shipped,4,11,2004,Vintage Cars,102,S18_1342,Furniture,Desk,"AV Stores, Co.",(171) 555-1555,Fauntleroy Circus,Unknown,Manchester,Unknown,EC2 5NT,UK,EMEA,Ashworth,Victoria,Medium,Ashworth,Victoria
10346,42,36.11,3,1516.62,11/29/2004,Shipped,4,11,2004,Vintage Cars,102,S18_1342,Furniture,Desk,Signal Gift Stores,7025551838,8489 Strong St.,Unknown,Las Vegas,NV,83030,USA,Unknown,King,Sue,Small,King,Sue
10380,27,93.16,13,2515.32,2/16/2005,Shipped,1,2,2005,Vintage Cars,102,S18_1342,Furniture,Desk,Euro Shopping Channel,(91) 555 94 44,"C/ Moralzarzal, 86",Unknown,Madrid,Unknown,28034,Spain,EMEA,Freyre,Diego,Small,Freyre,Diego
10422,51,95.55,2,4873.05,5/30/2005,In Process,2,5,2005,Vintage Cars,102,S18_1342,Furniture,Desk,Diecast Classics Inc.,2155551555,7586 Pompton St.,Unknown,Allentown,PA,70267,USA,Unknown,Yu,Kyung,Medium,Yu,Kyung
10110,37,100.0,16,5433.08,3/18/2003,Shipped,1,3,2003,Classic Cars,124,S18_1589,Furniture,Bookshelf,"AV Stores, Co.",(171) 555-1555,Fauntleroy Circus,Unknown,Manchester,Unknown,EC2 5NT,UK,EMEA,Ashworth,Victoria,Medium,Ashworth,Victoria
10123,26,100.0,2,3073.72,5/20/2003,Shipped,2,5,2003,Classic Cars,124,S18_1589,Furniture,Bookshelf,Atelier graphique,40.32.2555,"54, rue Royale",Unknown,Nantes,Unknown,44000,France,EMEA,Schmitt,Carine,Medium,Schmitt,Carine
10137,44,99.55,2,4380.2,7/10/2003,Shipped,3,7,2003,Classic Cars,124,S18_1589,Furniture,Bookshelf,Reims Collectables,26.47.1555,59 rue de l'Abbaye,Unknown,Reims,Unknown,51100,France,EMEA,Henriot,Paul,Medium,Henriot,Paul
10172,42,100.0,6,4965.24,11/5/2003,Shipped,4,11,2003,Classic Cars,124,S18_1589,Furniture,Bookshelf,Gift Depot Inc.,2035552570,25593 South Bay Ln.,Unknown,Bridgewater,CT,97562,USA,Unknown,King,Julie,Medium,King,Julie
10226,38,100.0,4,4161.38,2/26/2004,Shipped,1,2,2004,Classic Cars,124,S18_1589,Furniture,Bookshelf,Collectable Mini Designs Co.,7605558146,361 Furth Circle,Unknown,San Diego,CA,91217,USA,Unknown,Thompson,Valarie,Medium,Thompson,Valarie
10241,21,100.0,11,2508.66,4/13/2004,Shipped,2,4,2004,Classic Cars,124,S18_1589,Furniture,Bookshelf,Mini Caravy,88.60.1555,"24, place Kluber",Unknown,Strasbourg,Unknown,67000,France,EMEA,Citeaux,Frederique,Small,Citeaux,Frederique
10288,20,100.0,14,2936.8,9/1/2004,Shipped,3,9,2004,Classic Cars,124,S18_1589,Furniture,Bookshelf,Handji Gifts& Co,+65 224 1555,Village Close - 106 Linden Road Sandown,2nd Floor,Singapore,Unknown,69045,Singapore,APAC,Victorino,Wendy,Small,Victorino,Wendy
10311,29,100.0,9,2923.2,10/16/2004,Shipped,4,10,2004,Classic Cars,124,S18_1589,Furniture,Bookshelf,Euro Shopping Channel,(91) 555 94 44,"C/ Moralzarzal, 86",Unknown,Madrid,Unknown,28034,Spain,EMEA,Freyre,Diego,Small,Freyre,Diego
10343,36,100.0,4,5848.92,11/24/2004,Shipped,4,11,2004,Classic Cars,124,S18_1589,Furniture,Bookshelf,Reims Collectables,26.47.1555,59 rue de l'Abbaye,Unknown,Reims,Unknown,51100,France,EMEA,Henriot,Paul,Medium,Henriot,Paul
10367,49,56.3,1,2758.7,1/12/2005,Resolved,1,1,2005,Classic Cars,124,S18_1589,Furniture,Bookshelf,Toys4GrownUps.com,6265557265,78934 Hillside Dr.,Unknown,Pasadena,CA,90003,USA,Unknown,Young,Julie,Small,Young,Julie
10378,34,42.64,5,1449.76,2/10/2005,Shipped,1,2,2005,Classic Cars,124,S18_1589,Furniture,Bookshelf,Euro Shopping Channel,(91) 555 94 44,"C/ Moralzarzal, 86",Unknown,Madrid,Unknown,28034,Spain,EMEA,Freyre,Diego,Small,Freyre,Diego
10407,59,100.0,11,7048.14,4/22/2005,On Hold,2,4,2005,Classic Cars,124,S18_1589,Furniture,Bookshelf,The Sharp Gifts Warehouse,4085553659,3086 Ingle Ln.,Unknown,San Jose,CA,94217,USA,Unknown,Frick,Sue,Large,Frick,Sue
10106,36,100.0,12,5279.4,2/17/2003,Shipped,1,2,2003,Planes,157,S18_1662,Furniture,Cabinet,Rovelli Gifts,035-640555,Via Ludovico il Moro 22,Unknown,Bergamo,Unknown,24100,Italy,EMEA,Rovelli,Giovanni,Medium,Rovelli,Giovanni
10131,21,100.0,4,2781.66,6/16/2003,Shipped,2,6,2003,Planes,157,S18_1662,Furniture,Cabinet,Gift Ideas Corp.,2035554407,2440 Pompton St.,Unknown,Glendale,CT,97561,USA,Unknown,Lewis,Dan,Small,Lewis,Dan
10198,42,100.0,4,7483.98,11/27/2003,Shipped,4,11,2003,Planes,157,S18_1662,Furniture,Cabinet,Cruz & Sons Co.,+63 2 555 3587,15 McCallum Street - NatWest Center #13-03,Unknown,Makati City,Unknown,1227 MM,Philippines,Japan,Cruz,Arnold,Large,Cruz,Arnold
10250,45,100.0,14,8160.3,5/11/2004,Shipped,2,5,2004,Planes,157,S18_1662,Furniture,Cabinet,The Sharp Gifts Warehouse,4085553659,3086 Ingle Ln.,Unknown,San Jose,CA,94217,USA,Unknown,Frick,Sue,Large,Frick,Sue
10262,49,100.0,9,6567.96,6/24/2004,Cancelled,2,6,2004,Planes,157,S18_1662,Furniture,Cabinet,Euro Shopping Channel,(91) 555 94 44,"C/ Moralzarzal, 86",Unknown,Madrid,Unknown,28034,Spain,EMEA,Freyre,Diego,Medium,Freyre,Diego
10274,41,100.0,1,6724.0,7/21/2004,Shipped,3,7,2004,Planes,157,S18_1662,Furniture,Cabinet,Collectables For Less Inc.,6175558555,7825 Douglas Av.,Unknown,Brickhaven,MA,58339,USA,Unknown,Nelson,Allen,Medium,Nelson,Allen
10284,45,100.0,11,5747.85,8/21/2004,Shipped,3,8,2004,Planes,157,S18_1662,Furniture,Cabinet,"Norway Gifts By Mail, Co.",+47 2212 1555,"Drammensveien 126 A, PB 744 Sentrum",Unknown,Oslo,Unknown,N 0106,Norway,EMEA,Klaeboe,Jan,Medium,Klaeboe,Jan
10296,36,100.0,7,5676.84,9/15/2004,Shipped,3,9,2004,Planes,157,S18_1662,Furniture,Cabinet,"Bavarian Collectables Imports, Co.",+49 89 61 08 9555,Hansastr. 15,Unknown,Munich,Unknown,80686,Germany,EMEA,Donnermeyer,Michael,Medium,Donnermeyer,Michael
10327,25,100.0,6,2804.75,11/10/2004,Resolved,4,11,2004,Planes,157,S18_1662,Furniture,Cabinet,Danish Wholesale Imports,31 12 3555,Vinb'ltet 34,Unknown,Kobenhavn,Unknown,1734,Denmark,EMEA,Petersen,Jytte,Small,Petersen,Jytte
10338,41,100.0,1,5624.79,11/22/2004,Shipped,4,11,2004,Planes,157,S18_1662,Furniture,Cabinet,Royale Belge,(071) 23 67 2555,"Boulevard Tirou, 255",Unknown,Charleroi,Unknown,B-6000,Belgium,EMEA,Cartrain,Pascale,Medium,Cartrain,Pascale
10351,39,99.52,1,3881.28,12/3/2004,Shipped,4,12,2004,Planes,157,S18_1662,Furniture,Cabinet,"Stylish Desk Decors, Co.",(171) 555-0297,35 King George,Unknown,London,Unknown,WX3 6FW,UK,EMEA,Brown,Ann,Medium,Brown,Ann
10386,25,54.57,7,1364.25,3/1/2005,Resolved,1,3,2005,Planes,157,S18_1662,Furniture,Cabinet,Euro Shopping Channel,(91) 555 94 44,"C/ Moralzarzal, 86",Unknown,Madrid,Unknown,28034,Spain,EMEA,Freyre,Diego,Small,Freyre,Diego
10398,33,100.0,11,4215.09,3/30/2005,Shipped,1,3,2005,Planes,157,S18_1662,Furniture,Cabinet,Reims Collectables,26.47.1555,59 rue de l'Abbaye,Unknown,Reims,Unknown,51100,France,EMEA,Henriot,Paul,Medium,Henriot,Paul
10416,24,100.0,14,4352.16,5/10/2005,Shipped,2,5,2005,Planes,157,S18_1662,Furniture,Cabinet,L'ordine Souveniers,0522-556555,Strada Provinciale 124,Unknown,Reggio Emilia,Unknown,42100,Italy,EMEA,Moroni,Maurizio,Medium,Moroni,Maurizio
10100,30,100.0,3,5151.0,1/6/2003,Shipped,1,1,2003,Vintage Cars,170,S18_1749,Furniture,Desk,Online Diecast Creations Co.,6035558647,2304 Long Airport Avenue,Unknown,Nashua,NH,62005,USA,Unknown,Young,Valarie,Medium,Young,Valarie
10124,21,100.0,6,2856.0,5/21/2003,Shipped,2,5,2003,Vintage Cars,170,S18_1749,Furniture,Desk,Signal Gift Stores,7025551838,8489 Strong St.,Unknown,Las Vegas,NV,83030,USA,Unknown,King,Sue,Small,King,Sue
10214,30,100.0,7,5967.0,1/26/2004,Shipped,1,1,2004,Vintage Cars,170,S18_1749,Furniture,Desk,"Corrida Auto Replicas, Ltd",(91) 555 22 82,"C/ Araquil, 67",Unknown,Madrid,Unknown,28023,Spain,EMEA,Sommer,Mart¡n,Medium,Sommer,Mart¡n
10302,43,100.0,1,7310.0,10/6/2003,Shipped,4,10,2003,Vintage Cars,170,S18_1749,Furniture,Desk,"UK Collectables, Ltd.",(171) 555-2282,Berkeley Gardens 12  Brewery,Unknown,Liverpool,Unknown,WX1 6LT,UK,EMEA,Devon,Elizabeth,Large,Devon,Elizabeth
10344,45,100.0,1,7650.0,11/25/2004,Shipped,4,11,2004,Vintage Cars,170,S18_1749,Furniture,Desk,Marseille Mini Autos,91.24.4555,"12, rue des Bouchers",Unknown,Marseille,Unknown,13008,France,EMEA,Lebihan,Laurence,Large,Lebihan,Laurence
10379,39,100.0,2,5399.55,2/10/2005,Shipped,1,2,2005,Vintage Cars,170,S18_1749,Furniture,Desk,Euro Shopping Channel,(91) 555 94 44,"C/ Moralzarzal, 86",Unknown,Madrid,Unknown,28034,Spain,EMEA,Freyre,Diego,Medium,Freyre,Diego
10420,37,100.0,5,5283.6,5/29/2005,In Process,2,5,2005,Vintage Cars,170,S18_1749,Furniture,Desk,Souveniers And Things Co.,+61 2 9495 8555,"Monitor Money Building, 815 Pacific Hwy",Level 6,Chatswood,NSW,2067,Australia,APAC,Huxley,Adrian,Medium,Huxley,Adrian
10366,34,100.0,3,4207.84,1/10/2005,Shipped,1,1,2005,Classic Cars,142,S18_1984,Furniture,Bookshelf,Royale Belge,(071) 23 67 2555,"Boulevard Tirou, 255",Unknown,Charleroi,Unknown,B-6000,Belgium,EMEA,Cartrain,Pascale,Medium,Cartrain,Pascale
10303,46,49.04,2,2255.84,10/6/2004,Shipped,4,10,2004,Vintage Cars,60,S18_2248,Furniture,Desk,"Iberia Gift Imports, Corp.",(95) 555 82 82,"C/ Romero, 33",Unknown,Sevilla,Unknown,41101,Spain,EMEA,Roel,Jose Pedro,Small,Roel,JosePedro
10383,27,100.0,11,3843.99,2/22/2005,Shipped,1,2,2005,Trucks and Buses,122,S18_2319,Furniture,Chair,Euro Shopping Channel,(91) 555 94 44,"C/ Moralzarzal, 86",Unknown,Madrid,Unknown,28034,Spain,EMEA,Freyre,Diego,Medium,Freyre,Diego
10101,25,100.0,4,3782.0,1/9/2003,Shipped,1,1,2003,Vintage Cars,127,S18_2325,Furniture,Table,"Blauer See Auto, Co.",+49 69 66 90 2555,Lyonerstr. 34,Unknown,Frankfurt,Unknown,60528,Germany,EMEA,Keitel,Roland,Medium,Keitel,Roland
10243,47,100.0,2,6154.18,4/26/2004,Shipped,2,4,2004,Vintage Cars,127,S18_2325,Furniture,Table,Diecast Collectables,6175552555,6251 Ingle Ln.,Unknown,Boston,MA,51003,USA,Unknown,Franco,Valarie,Medium,Franco,Valarie
10409,6,100.0,2,785.64,4/23/2005,Shipped,2,4,2005,Vintage Cars,127,S18_2325,Furniture,Table,Handji Gifts& Co,+65 224 1555,Village Close - 106 Linden Road Sandown,2nd Floor,Singapore,Unknown,69045,Singapore,APAC,Victorino,Wendy,Small,Victorino,Wendy
10133,49,69.27,3,3394.23,6/27/2003,Shipped,2,6,2003,Planes,84,S18_2581,Furniture,Bookshelf,Euro Shopping Channel,(91) 555 94 44,"C/ Moralzarzal, 86",Unknown,Madrid,Unknown,28034,Spain,EMEA,Freyre,Diego,Medium,Freyre,Diego
10235,24,76.03,3,1824.72,4/2/2004,Shipped,2,4,2004,Planes,84,S18_2581,Furniture,Bookshelf,"Royal Canadian Collectables, Ltd.",(604) 555-4555,23 Tsawassen Blvd.,Unknown,Tsawassen,BC,T2F 8M4,Canada,Unknown,Lincoln,Elizabeth,Small,Lincoln,Elizabeth
10297,25,82.79,4,2069.75,9/16/2004,Shipped,3,9,2004,Planes,84,S18_2581,Furniture,Bookshelf,"Clover Collections, Co.",+353 1862 1555,25 Maiden Lane,Floor No. 4,Dublin,Unknown,2,Ireland,EMEA,Cassidy,Dean,Small,Cassidy,Dean
10353,27,100.0,1,3515.67,12/4/2004,Shipped,4,12,2004,Planes,84,S18_2581,Furniture,Bookshelf,Gift Ideas Corp.,2035554407,2440 Pompton St.,Unknown,Glendale,CT,97561,USA,Unknown,Lewis,Dan,Medium,Lewis,Dan
10401,42,76.03,3,3193.26,4/3/2005,On Hold,2,4,2005,Planes,84,S18_2581,Furniture,Bookshelf,Tekni Collectables Inc.,2015559350,7476 Moss Rd.,Unknown,Newark,NJ,94019,USA,Unknown,Brown,William,Medium,Brown,William
10255,24,100.0,1,3726.0,6/4/2004,Shipped,2,6,2004,Vintage Cars,168,S18_2795,Furniture,Bookshelf,Mini Caravy,88.60.1555,"24, place Kluber",Unknown,Strasbourg,Unknown,67000,France,EMEA,Citeaux,Frederique,Medium,Citeaux,Frederique
10421,35,100.0,1,5433.75,5/29/2005,In Process,2,5,2005,Vintage Cars,168,S18_2795,Furniture,Bookshelf,Mini Gifts Distributors Ltd.,4155551450,5677 Strong St.,Unknown,San Rafael,CA,97562,USA,Unknown,Nelson,Valarie,Medium,Nelson,Valarie
10257,50,88.14,1,4407.0,6/14/2004,Shipped,2,6,2004,Vintage Cars,101,S18_2949,Furniture,Desk,The Sharp Gifts Warehouse,4085553659,3086 Ingle Ln.,Unknown,San Jose,CA,94217,USA,Unknown,Frick,Sue,Medium,Frick,Sue
10423,10,88.14,1,881.4,5/30/2005,In Process,2,5,2005,Vintage Cars,101,S18_2949,Furniture,Desk,Petit Auto,(02) 5554 67,Rue Joseph-Bens 532,Unknown,Bruxelles,Unknown,B-1180,Belgium,EMEA,Dewey,Catherine,Small,Dewey,Catherine
10269,32,63.08,1,2018.56,7/16/2004,Shipped,3,7,2004,Vintage Cars,62,S18_2957,Furniture,Desk,Salzburg Collectables,6562-9555,Geislweg 14,Unknown,Salzburg,Unknown,5020,Austria,EMEA,Pipps,Georg,Small,Pipps,Georg
10392,37,59.96,3,2218.52,3/10/2005,Shipped,1,3,2005,Vintage Cars,62,S18_2957,Furniture,Desk,Mini Auto Werke,7675-3555,Kirchgasse 6,Unknown,Graz,Unknown,8010,Austria,EMEA,Mendel,Roland,Small,Mendel,Roland
10130,40,96.34,2,3853.6,6/16/2003,Shipped,2,6,2003,Ships,86,S18_3029,Furniture,Table,Auto-Moto Classics Inc.,6175558428,16780 Pompton St.,Unknown,Brickhaven,MA,58339,USA,Unknown,Taylor,Leslie,Medium,Taylor,Leslie
10128,41,100.0,2,5544.02,6/6/2003,Shipped,2,6,2003,Vintage Cars,136,S18_3140,Furniture,Desk,Euro Shopping Channel,(91) 555 94 44,"C/ Moralzarzal, 86",Unknown,Madrid,Unknown,28034,Spain,EMEA,Freyre,Diego,Medium,Freyre,Diego
10166,43,100.0,2,6930.74,10/21/2003,Shipped,4,10,2003,Vintage Cars,136,S18_3140,Furniture,Desk,FunGiftIdeas.com,5085552555,1785 First Street,Unknown,New Bedford,MA,50553,USA,Unknown,Benitez,Violeta,Medium,Benitez,Violeta
10177,23,100.0,9,3675.63,11/7/2003,Shipped,4,11,2003,Vintage Cars,136,S18_3140,Furniture,Desk,CAF Imports,+34 913 728 555,"Merchants House, 27-30 Merchant's Quay",Unknown,Madrid,Unknown,28023,Spain,EMEA,Fernandez,Jesus,Medium,Fernandez,Jesus
10221,33,100.0,3,4417.38,2/18/2004,Shipped,1,2,2004,Vintage Cars,136,S18_3140,Furniture,Desk,Petit Auto,(02) 5554 67,Rue Joseph-Bens 532,Unknown,Bruxelles,Unknown,B-1180,Belgium,EMEA,Dewey,Catherine,Medium,Dewey,Catherine
10232,22,100.0,6,3606.02,3/20/2004,Shipped,1,3,2004,Vintage Cars,136,S18_3140,Furniture,Desk,giftsbymail.co.uk,(198) 555-8888,Garden House Crowther Way,Unknown,Cowes,Isle of Wight,PO31 7PJ,UK,EMEA,Bennett,Helen,Medium,Bennett,Helen
10394,22,100.0,5,3353.02,3/15/2005,Shipped,1,3,2005,Classic Cars,169,S18_3232,Furniture,Table,Euro Shopping Channel,(91) 555 94 44,"C/ Moralzarzal, 86",Unknown,Madrid,Unknown,28034,Spain,EMEA,Freyre,Diego,Medium,Freyre,Diego
10326,32,100.0,6,3807.68,11/9/2004,Shipped,4,11,2004,Trains,100,S18_3259,Furniture,Desk,"Volvo Model Replicas, Co",0921-12 3555,Berguvsv„gen  8,Unknown,Lule,Unknown,S-958 22,Sweden,EMEA,Berglund,Christina,Medium,Berglund,Christina
10252,20,76.39,2,1527.8,5/26/2004,Shipped,2,5,2004,Classic Cars,80,S18_3278,Furniture,Cabinet,Auto Canal Petit,(1) 47.55.6555,"25, rue Lauriston",Unknown,Paris,Unknown,75016,France,EMEA,Perrier,Dominique,Small,Perrier,Dominique
10265,45,86.84,2,3907.8,7/2/2004,Shipped,3,7,2004,Classic Cars,80,S18_3278,Furniture,Cabinet,"Australian Collectables, Ltd",61-9-3844-6555,7 Allen Street,Unknown,Glen Waverly,Victoria,3150,Australia,APAC,Connery,Sean,Medium,Connery,Sean
10290,26,96.23,2,2501.98,9/7/2004,Shipped,3,9,2004,Vintage Cars,99,S18_3320,Furniture,Table,Auto-Moto Classics Inc.,6175558428,16780 Pompton St.,Unknown,Brickhaven,MA,58339,USA,Unknown,Taylor,Leslie,Small,Taylor,Leslie
10323,33,91.27,2,3011.91,11/5/2004,Shipped,4,11,2004,Vintage Cars,99,S18_3320,Furniture,Table,"Blauer See Auto, Co.",+49 69 66 90 2555,Lyonerstr. 34,Unknown,Frankfurt,Unknown,60528,Germany,EMEA,Keitel,Roland,Medium,Keitel,Roland
10330,37,100.0,3,4405.22,11/16/2004,Shipped,4,11,2004,Classic Cars,146,S18_3482,Furniture,Bookshelf,Cruz & Sons Co.,+63 2 555 3587,15 McCallum Street - NatWest Center #13-03,Unknown,Makati City,Unknown,1227 MM,Philippines,Japan,Cruz,Arnold,Medium,Cruz,Arnold
10355,23,100.0,7,3177.91,12/7/2004,Shipped,4,12,2004,Classic Cars,146,S18_3482,Furniture,Bookshelf,Euro Shopping Channel,(91) 555 94 44,"C/ Moralzarzal, 86",Unknown,Madrid,Unknown,28034,Spain,EMEA,Freyre,Diego,Medium,Freyre,Diego
10146,47,67.14,2,3155.58,9/3/2003,Shipped,3,9,2003,Motorcycles,62,S18_3782,Furniture,Bookshelf,Gift Ideas Corp.,2035554407,2440 Pompton St.,Unknown,Glendale,CT,97561,USA,Unknown,Lewis,Dan,Medium,Lewis,Dan
10264,48,54.71,3,2626.08,6/30/2004,Shipped,2,6,2004,Motorcycles,62,S18_3782,Furniture,Bookshelf,Gifts4AllAges.com,6175559555,8616 Spinnaker Dr.,Unknown,Boston,MA,51003,USA,Unknown,Yoshido,Juri,Small,Yoshido,Juri
10286,38,57.2,1,2173.6,8/28/2004,Shipped,3,8,2004,Motorcycles,62,S18_3782,Furniture,Bookshelf,"La Corne D'abondance, Co.",(1) 42.34.2555,"265, boulevard Charonne",Unknown,Paris,Unknown,75012,France,EMEA,Bertrand,Marie,Small,Bertrand,Marie
10249,46,100.0,5,5600.5,5/8/2004,Shipped,2,5,2004,Vintage Cars,105,S18_3856,Furniture,Desk,Cambridge Collectables Co.,6175555555,4658 Baden Av.,Unknown,Cambridge,MA,51247,USA,Unknown,Tseng,Kyung,Medium,Tseng,Kyung
10328,34,100.0,6,3815.48,11/12/2004,Shipped,4,11,2004,Vintage Cars,105,S18_3856,Furniture,Desk,Rovelli Gifts,035-640555,Via Ludovico il Moro 22,Unknown,Bergamo,Unknown,24100,Italy,EMEA,Rovelli,Giovanni,Medium,Rovelli,Giovanni
10415,51,100.0,5,6209.25,5/9/2005,Disputed,2,5,2005,Vintage Cars,105,S18_3856,Furniture,Desk,"Australian Collectables, Ltd",61-9-3844-6555,7 Allen Street,Unknown,Glen Waverly,Victoria,3150,Australia,APAC,Connery,Sean,Medium,Connery,Sean
10152,35,100.0,1,4524.1,9/25/2003,Shipped,3,9,2003,Classic Cars,143,S18_4027,Furniture,Table,"Australian Gift Network, Co",61-7-3844-6555,31 Duncan St. West End,Unknown,South Brisbane,Queensland,4101,Australia,APAC,Calaghan,Tony,Medium,Calaghan,Tony
10213,38,94.79,1,3602.02,1/22/2004,Shipped,1,1,2004,Vintage Cars,92,S18_4409,Furniture,Chair,"Double Decker Gift Stores, Ltd",(171) 555-7555,120 Hanover Sq.,Unknown,London,Unknown,WA1 1DP,UK,EMEA,Hardy,Thomas,Medium,Hardy,Thomas
10315,36,100.0,7,3602.16,10/29/2004,Shipped,4,10,2004,Vintage Cars,87,S18_4522,Furniture,Table,La Rochelle Gifts,40.67.8555,"67, rue des Cinquante Otages",Unknown,Nantes,Unknown,44000,France,EMEA,Labrune,Janine,Medium,Labrune,Janine
10267,36,75.55,1,2719.8,7/7/2004,Shipped,3,7,2004,Classic Cars,71,S18_4933,Furniture,Table,Muscle Machine Inc,2125557413,4092 Furth Circle,Suite 400,NYC,NY,10022,USA,Unknown,Young,Jeff,Small,Young,Jeff
10279,26,60.58,1,1575.08,8/9/2004,Shipped,3,8,2004,Classic Cars,71,S18_4933,Furniture,Table,Euro Shopping Channel,(91) 555 94 44,"C/ Moralzarzal, 86",Unknown,Madrid,Unknown,28034,Spain,EMEA,Freyre,Diego,Small,Freyre,Diego
10158,22,67.03,1,1474.66,10/10/2003,Shipped,4,10,2003,Motorcycles,76,S24_2000,Office Supplies,Pen,Baane Mini Imports,07-98 9555,Erling Skakkes gate 78,Unknown,Stavern,Unknown,4110,Norway,EMEA,Bergulfsen,Jonas,Small,Bergulfsen,Jonas
10340,55,79.98,8,4398.9,11/24/2004,Shipped,4,11,2004,Motorcycles,76,S24_2000,Office Supplies,Pen,Enaco Distributors,(93) 203 4555,"Rambla de Catalu¤a, 23",Unknown,Barcelona,Unknown,8022,Spain,EMEA,Saavedra,Eduardo,Medium,Saavedra,Eduardo
10345,43,53.76,1,2311.68,11/25/2004,Shipped,4,11,2004,Vintage Cars,44,S24_2022,Office Supplies,Lamp,Atelier graphique,40.32.2555,"54, rue Royale",Unknown,Nantes,Unknown,44000,France,EMEA,Schmitt,Carine,Small,Schmitt,Carine
10190,42,76.19,3,3199.98,11/19/2003,Shipped,4,11,2003,Motorcycles,69,S24_2360,Office Supplies,Eraser,Euro Shopping Channel,(91) 555 94 44,"C/ Moralzarzal, 86",Unknown,Madrid,Unknown,28034,Spain,EMEA,Freyre,Diego,Medium,Freyre,Diego
10368,40,100.0,2,4107.2,1/19/2005,Shipped,1,1,2005,Classic Cars,90,S24_2766,Office Supplies,Eraser,Mini Gifts Distributors Ltd.,4155551450,5677 Strong St.,Unknown,San Rafael,CA,97562,USA,Unknown,Nelson,Valarie,Medium,Nelson,Valarie
10335,33,37.13,2,1225.29,11/19/2004,Shipped,4,11,2004,Classic Cars,35,S24_2840,Office Supplies,Pencil,Mini Gifts Distributors Ltd.,4155551450,5677 Strong St.,Unknown,San Rafael,CA,97562,USA,Unknown,Nelson,Valarie,Small,Nelson,Valarie
10154,31,91.17,2,2826.27,10/2/2003,Shipped,4,10,2003,Vintage Cars,88,S24_3151,Office Supplies,Pencil,Boards & Toys Co.,3105552373,4097 Douglas Av.,Unknown,Glendale,CA,92561,USA,Unknown,Young,Leslie,Small,Young,Leslie
10233,40,94.71,2,3788.4,3/29/2004,Shipped,1,3,2004,Vintage Cars,88,S24_3151,Office Supplies,Pencil,Tekni Collectables Inc.,2015559350,7476 Moss Rd.,Unknown,Newark,NJ,94019,USA,Unknown,Brown,William,Medium,Brown,William
10385,37,85.54,2,3164.98,2/28/2005,Shipped,1,2,2005,Vintage Cars,83,S24_3816,Office Supplies,Pen,Mini Gifts Distributors Ltd.,4155551450,5677 Strong St.,Unknown,San Rafael,CA,97562,USA,Unknown,Nelson,Valarie,Medium,Nelson,Valarie
10242,46,36.93,1,1698.78,4/20/2004,Shipped,2,4,2004,Vintage Cars,41,S24_3969,Office Supplies,Eraser,Microscale Inc.,2125551957,5290 North Pendale Street,Suite 200,NYC,NY,10022,USA,Unknown,Kuo,Kee,Small,Kuo,Kee
10408,15,36.93,1,553.95,4/22/2005,Shipped,2,4,2005,Vintage Cars,41,S24_3969,Office Supplies,Eraser,"Tokyo Collectables, Ltd",+81 3 3584 0555,2-2-8 Roppongi,Unknown,Minato-ku,Tokyo,106-0032,Japan,Japan,Shimamura,Akiko,Small,Shimamura,Akiko
10317,35,83.32,1,2916.2,11/2/2004,Shipped,4,11,2004,Planes,72,S24_4278,Office Supplies,Eraser,Technics Stores Inc.,6505556809,9408 Furth Circle,Unknown,Burlingame,CA,94217,USA,Unknown,Hirano,Juri,Small,Hirano,Juri
10387,44,94.9,1,4175.6,3/2/2005,Shipped,1,3,2005,Motorcycles,99,S32_1374,Office Supplies,Eraser,"Dragon Souveniers, Ltd.",+65 221 7555,"Bronz Sok., Bronz Apt. 3/6 Tesvikiye",Unknown,Singapore,Unknown,79903,Singapore,Japan,Natividad,Eric,Medium,Natividad,Eric
10364,48,48.28,1,2317.44,1/6/2005,Shipped,1,1,2005,Motorcycles,40,S32_2206,Office Supplies,Pen,Marseille Mini Autos,91.24.4555,"12, rue des Bouchers",Unknown,Marseille,Unknown,13008,France,EMEA,Lebihan,Laurence,Small,Lebihan,Laurence
10116,27,63.38,1,1711.26,4/11/2003,Shipped,2,4,2003,Trains,62,S32_3207,Office Supplies,Pen,Royale Belge,(071) 23 67 2555,"Boulevard Tirou, 255",Unknown,Charleroi,Unknown,B-6000,Belgium,EMEA,Cartrain,Pascale,Small,Cartrain,Pascale
10144,20,81.86,1,1637.2,8/13/2003,Shipped,3,8,2003,Vintage Cars,68,S32_4289,Office Supplies,Ruler,Royale Belge,(071) 23 67 2555,"Boulevard Tirou, 255",Unknown,Charleroi,Unknown,B-6000,Belgium,EMEA,Cartrain,Pascale,Small,Cartrain,Pascale
10156,20,41.02,1,820.4,10/8/2003,Shipped,4,10,2003,Vintage Cars,43,S50_1341,Accessories,Keyboard,Euro Shopping Channel,(91) 555 94 44,"C/ Moralzarzal, 86",Unknown,Madrid,Unknown,28034,Spain,EMEA,Freyre,Diego,Small,Freyre,Diego
10199,29,38.4,1,1113.6,12/1/2003,Shipped,4,12,2003,Vintage Cars,43,S50_1341,Accessories,Keyboard,West Coast Collectables Co.,3105553722,3675 Furth Circle,Unknown,Burbank,CA,94019,USA,Unknown,Thompson,Steve,Small,Thompson,Steve
10397,32,80.55,5,2577.6,3/28/2005,Shipped,1,3,2005,Ships,86,S700_1938,Technology,Desktop,Alpha Cognac,61.77.6555,1 rue Alsace-Lorraine,Unknown,Toulouse,Unknown,31000,France,EMEA,Roulet,Annette,Small,Roulet,Annette
10352,23,100.0,3,2352.67,12/3/2004,Shipped,4,12,2004,Ships,90,S700_2047,Technology,Tablet,Auto-Moto Classics Inc.,6175558428,16780 Pompton St.,Unknown,Brickhaven,MA,58339,USA,Unknown,Taylor,Leslie,Small,Taylor,Leslie
10118,36,100.0,1,4219.2,4/21/2003,Shipped,2,4,2003,Ships,100,S700_3505,Technology,Laptop,Enaco Distributors,(93) 203 4555,"Rambla de Catalu¤a, 23",Unknown,Barcelona,Unknown,8022,Spain,EMEA,Saavedra,Eduardo,Medium,Saavedra,Eduardo
10294,45,100.0,1,4692.6,9/10/2004,Shipped,3,9,2004,Ships,99,S700_3962,Technology,Smart watch,Online Mini Collectables,6175557555,7635 Spinnaker Dr.,Unknown,Brickhaven,MA,58339,USA,Unknown,Barajas,Miguel,Medium,Barajas,Miguel
